player_slot,team_number,team_slot,hero_id,item_0,item_1,item_2,item_3,item_4,item_5,backpack_0,backpack_1,backpack_2,item_neutral,item_neutral2,kills,deaths,assists,leaver_status,last_hits,denies,gold_per_min,xp_per_min,level,net_worth,aghanims_scepter,aghanims_shard,moonshard,hero_damage,tower_damage,hero_healing,gold,gold_spent,ability_upgrades_arr,rank_tier,computed_mmr,start_time,duration,game_mode,patch,isRadiant,win,total_gold,total_xp,kills_per_min,kda,abandons,benchmarks,match_id,hero_name,item_0_name,item_1_name,item_2_name,item_3_name,item_4_name,item_5_name,backpack_0_name,backpack_1_name,backpack_2_name,item_neutral_name,item_neutral2_name
2,0,2,81,63,112,151,154,114,36,4206,11,0,2097,1583,15,10,15,0,204,5,659,1192,27,25515,0,1,0,48360,14086,0,5130,21900,"[5426, 5428, 5427, 5427, 5427, 5429, 5428, 5426, 5426, 5426, 5428, 6618, 5429, 5427, 5428, 872, 5429, 6619, 870, 871]",54,3766.99,1769144328,2333,4,59,True,1,25624,46348,0.3857693956279469,2.73,0,"{'gold_per_min': {'raw': 659, 'pct': 0.8960396039603961}, 'xp_per_min': {'raw': 1192, 'pct': 0.9752475247524752}, 'kills_per_min': {'raw': 0.3857693956279468, 'pct': 0.8415841584158416}, 'last_hits_per_min': {'raw': 5.246463780540077, 'pct': 0.5866336633663366}, 'hero_damage_per_min': {'raw': 1243.7205315045007, 'pct': 0.9702970297029703}, 'hero_healing_per_min': {'raw': 0, 'pct': 0.9801980198019802}, 'tower_damage': {'raw': 14086, 'pct': 0.9554455445544554}}",8660412202,Chaos Knight,Power Treads,Assault Cuirass,Armlet of Mordiggian,Sange and Yasha,Heart of Tarrasque,Magic Wand,Greater Healing Lotus,Quelling Blade,,Duelist Gloves,Mystical
1,0,1,74,29,108,65,279,1802,0,0,0,0,359,1594,8,15,11,0,93,6,362,361,15,11516,0,0,0,16648,0,0,1216,10440,"[5372, 5370, 5372, 5371, 5372, 5371, 5372, 5371, 5372, 5370, 6099, 5370, 5370, 5372, 5371, 5372, 1654]",54,3766.99,1769141698,2322,4,59,True,0,14009,13970,0.2067183462532299,1.19,0,"{'gold_per_min': {'raw': 362, 'pct': 0.2110009017132552}, 'xp_per_min': {'raw': 361, 'pct': 0.06853020739404869}, 'kills_per_min': {'raw': 0.20671834625322996, 'pct': 0.5293056807935077}, 'last_hits_per_min': {'raw': 2.4031007751937983, 'pct': 0.260595130748422}, 'hero_damage_per_min': {'raw': 430.1808785529716, 'pct': 0.15689810640216412}, 'hero_healing_per_min': {'raw': 0, 'pct': 0.8322813345356177}, 'tower_damage': {'raw': 0, 'pct': 0.10009017132551848}}",8660387354,Invoker,Boots of Speed,Aghanim's Scepter,Hand of Midas,Ring of Tarrasque,Tiara of Selemene,,,,,Essence Ring,Vampiric
3,0,3,102,50,939,137,4205,30,36,0,0,0,1605,1584,1,10,18,0,131,6,331,500,19,12454,0,0,0,16450,411,4585,94,12980,"[5586, 5585, 5587, 5586, 5586, 5588, 5585, 5586, 5587, 5585, 5587, 5588, 5587, 5585, 7340, 972, 5588]",54,3766.99,1769057458,2530,4,59,True,0,13957,21083,0.0237154150197628,1.73,0,"{'gold_per_min': {'raw': 331, 'pct': 0.3785488958990536}, 'xp_per_min': {'raw': 500, 'pct': 0.3911671924290221}, 'kills_per_min': {'raw': 0.023715415019762844, 'pct': 0.1167192429022082}, 'last_hits_per_min': {'raw': 3.1067193675889326, 'pct': 0.5520504731861199}, 'hero_damage_per_min': {'raw': 390.1185770750988, 'pct': 0.5205047318611987}, 'hero_healing_per_min': {'raw': 108.73517786561264, 'pct': 0.6908517350157729}, 'tower_damage': {'raw': 411, 'pct': 0.45741324921135645}}",8659172466,Abaddon,Phase Boots,Harpoon,Radiance,Great Healing Lotus,Gem of True Sight,Magic Wand,,,,Serrated Shiv,Alert
131,1,3,105,259,180,102,108,232,235,0,42,0,1158,1583,14,17,10,0,96,0,442,554,21,18507,0,1,0,44167,0,0,32,18945,"[879, 5601, 879, 5601, 879, 5599, 5601, 5601, 879, 886, 6997, 886, 5599, 886, 886, 6282, 5599, 412]",54,3766.99,1769054208,2777,4,59,False,0,20457,25640,0.3024846957148001,1.33,0,"{'gold_per_min': {'raw': 442, 'pct': 0.625920471281296}, 'xp_per_min': {'raw': 554, 'pct': 0.4727540500736377}, 'kills_per_min': {'raw': 0.30248469571480013, 'pct': 0.865979381443299}, 'last_hits_per_min': {'raw': 2.074180770615772, 'pct': 0.27982326951399117}, 'hero_damage_per_min': {'raw': 954.2743968311127, 'pct': 0.7290132547864506}, 'hero_healing_per_min': {'raw': 0, 'pct': 0.8468335787923417}, 'tower_damage': {'raw': 0, 'pct': 0.18114874815905743}}",8659142743,Techies,Kaya,Arcane Boots,Force Staff,Aghanim's Scepter,Aether Lens,Octarine Core,,Observer Ward,,Whisper of the Dread,Mystical
3,0,3,62,226,202,98,108,232,214,36,0,0,1721,1577,9,24,22,0,61,5,493,629,24,20905,0,0,0,15395,102,0,845,20610,"[1314, 5286, 5287, 1314, 5286, 5288, 5286, 5286, 5287, 1314, 5287, 6009, 5288, 1314, 5287, 7040, 5288, 878]",54,3766.99,1768973566,3278,4,59,True,1,26934,34364,0.1647345942647956,1.24,0,"{'gold_per_min': {'raw': 493, 'pct': 0.6225596529284165}, 'xp_per_min': {'raw': 629, 'pct': 0.5704989154013015}, 'kills_per_min': {'raw': 0.16473459426479561, 'pct': 0.6464208242950108}, 'last_hits_per_min': {'raw': 1.1165344722391701, 'pct': 0.31670281995661603}, 'hero_damage_per_min': {'raw': 281.78767541183646, 'pct': 0.2472885032537961}, 'hero_healing_per_min': {'raw': 0, 'pct': 0.631236442516269}, 'tower_damage': {'raw': 102, 'pct': 0.3796095444685466}}",8657961379,Bounty Hunter,Lotus Orb,Dagon,Orchid Malevolence,Aghanim's Scepter,Aether Lens,Tranquil Boots,Magic Wand,,,Flayer's Bota,Quickened
0,0,0,21,30,63,116,141,166,135,42,0,0,1601,1597,15,13,21,0,231,4,589,1107,29,29796,1,0,0,55768,4043,0,4796,26500,"[5132, 5131, 5131, 5130, 5131, 5133, 5132, 5131, 5130, 5132, 5920, 5130, 5133, 5132, 5130, 5133, 6992, 7889, 1071, 1195, 6562, 7062]",54,3766.99,1768969762,3314,4,59,True,1,32532,61143,0.2715751357875678,2.57,0,"{'gold_per_min': {'raw': 589, 'pct': 0.819140308191403}, 'xp_per_min': {'raw': 1107, 'pct': 0.9367396593673966}, 'kills_per_min': {'raw': 0.2715751357875679, 'pct': 0.6504460665044607}, 'last_hits_per_min': {'raw': 4.1822570911285455, 'pct': 0.5474452554744526}, 'hero_damage_per_min': {'raw': 1009.6801448400724, 'pct': 0.9416058394160584}, 'hero_healing_per_min': {'raw': 0, 'pct': 0.8240064882400648}, 'tower_damage': {'raw': 4043, 'pct': 0.6358475263584753}}",8657926118,Windranger,Gem of True Sight,Power Treads,Black King Bar,Daedalus,Maelstrom,Monkey King Bar,Observer Ward,,,Crippling Crossbow,Titanic
0,0,0,40,231,119,100,249,235,30,232,43,0,1642,1587,14,14,18,0,427,10,637,917,30,40180,1,1,0,71443,3596,6482,7180,35055,"[5178, 5180, 5179, 5180, 5180, 1105, 5180, 5179, 5178, 5179, 5179, 1105, 5178, 859, 5178, 811, 1105, 548, 6058, 6979, 6532, 6980, 6981]",54,3766.99,1768884693,4433,4,59,True,1,47063,67751,0.1894879314234152,2.13,0,"{'gold_per_min': {'raw': 637, 'pct': 0.9828178694158075}, 'xp_per_min': {'raw': 917, 'pct': 0.9644902634593356}, 'kills_per_min': {'raw': 0.1894879314234153, 'pct': 0.7640320733104238}, 'last_hits_per_min': {'raw': 5.779381908414166, 'pct': 0.9312714776632303}, 'hero_damage_per_min': {'raw': 966.9704489059327, 'pct': 0.852233676975945}, 'hero_healing_per_min': {'raw': 87.73291224904128, 'pct': 0.8064146620847652}, 'tower_damage': {'raw': 3596, 'pct': 0.7972508591065293}}",8656697856,Venomancer,Guardian Greaves,Shiva's Guard,Eul's Scepter of Divinity,Silver Edge,Octarine Core,Gem of True Sight,Aether Lens,Sentry Ward,,Dezun Bloodrite,Feverish
131,1,3,44,63,208,116,168,135,145,0,0,0,1643,1594,10,10,16,0,415,3,654,927,27,25982,0,0,0,52660,4459,0,2082,26100,"[5190, 5191, 1287, 5190, 5190, 5193, 1287, 5190, 5191, 5191, 5191, 559, 5193, 1287, 1287, 491, 5193, 490, 6192, 483]",54,3766.99,1768708889,3096,22,59,False,0,33746,47833,0.193798449612403,2.36,0,"{'gold_per_min': {'raw': 654, 'pct': 0.6788888888888889}, 'xp_per_min': {'raw': 927, 'pct': 0.6544444444444445}, 'kills_per_min': {'raw': 0.19379844961240308, 'pct': 0.41}, 'last_hits_per_min': {'raw': 8.042635658914728, 'pct': 0.6777777777777778}, 'hero_damage_per_min': {'raw': 1020.5426356589148, 'pct': 0.8322222222222222}, 'hero_healing_per_min': {'raw': 0, 'pct': 0.9733333333333334}, 'tower_damage': {'raw': 4459, 'pct': 0.6022222222222222}}",8653893230,Phantom Assassin,Power Treads,Abyssal Blade,Black King Bar,Desolator,Monkey King Bar,Battle Fury,,,,Giant's Maul,Vampiric
131,1,3,104,50,127,603,939,112,168,0,0,0,1168,1586,11,14,25,0,409,18,608,999,29,33869,1,1,0,54223,4784,4236,2744,31940,"[5595, 5597, 5596, 5595, 5595, 5598, 5595, 5597, 5596, 5596, 5597, 1113, 5598, 5596, 5597, 6671, 5598, 7395, 925, 1176, 463, 6526]",54,3766.99,1770354165,3771,22,59,False,1,38212,62787,0.1750198886237072,2.4,0,"{'gold_per_min': {'raw': 608, 'pct': 0.9102196752626552}, 'xp_per_min': {'raw': 999, 'pct': 0.9274116523400191}, 'kills_per_min': {'raw': 0.17501988862370724, 'pct': 0.44603629417383}, 'last_hits_per_min': {'raw': 6.507557677008751, 'pct': 0.938872970391595}, 'hero_damage_per_min': {'raw': 862.7366746221162, 'pct': 0.8242597898758357}, 'hero_healing_per_min': {'raw': 67.39856801909308, 'pct': 0.7879656160458453}, 'tower_damage': {'raw': 4784, 'pct': 0.728748806112703}}",8679428811,Legion Commander,Phase Boots,Blade Mail,Swift Blink,Harpoon,Assault Cuirass,Desolator,,,,Rattlecage,Tough
131,1,3,33,180,116,1,60,21,23,0,0,0,1158,1593,1,6,6,0,138,1,356,425,16,11147,0,0,0,15590,1134,0,247,11550,"[5147, 5147, 5148, 5146, 5147, 5149, 5147, 5148, 5148, 5146, 461, 5146, 5149, 5146, 5148]",54,3766.99,1770186670,2038,22,59,False,0,12092,14435,0.029440628066732,1.0,0,"{'gold_per_min': {'raw': 356, 'pct': 0.4052631578947368}, 'xp_per_min': {'raw': 425, 'pct': 0.33157894736842103}, 'kills_per_min': {'raw': 0.02944062806673209, 'pct': 0.08947368421052632}, 'last_hits_per_min': {'raw': 4.062806673209029, 'pct': 0.7578947368421053}, 'hero_damage_per_min': {'raw': 458.9793915603533, 'pct': 0.3263157894736842}, 'hero_healing_per_min': {'raw': 0, 'pct': 0.8052631578947368}, 'tower_damage': {'raw': 1134, 'pct': 0.42105263157894735}}",8676947936,Enigma,Arcane Boots,Black King Bar,Blink Dagger,Point Booster,Ogre Axe,Staff of Wizardry,,,,Whisper of the Dread,Greedy
4,0,4,21,166,108,98,63,7,36,0,0,0,1601,1583,9,16,12,0,103,4,304,535,22,13820,0,0,0,35177,568,0,635,14195,"[5131, 5130, 5131, 5130, 5130, 5133, 5132, 5130, 5132, 5131, 5920, 5132, 5133, 5132, 5131, 5133, 6992, 7889]",54,3766.99,1770182730,3045,22,59,True,0,15428,27151,0.1773399014778325,1.24,0,"{'gold_per_min': {'raw': 304, 'pct': 0.1030008110300081}, 'xp_per_min': {'raw': 535, 'pct': 0.29034874290348744}, 'kills_per_min': {'raw': 0.17733990147783252, 'pct': 0.3609083536090835}, 'last_hits_per_min': {'raw': 2.029556650246305, 'pct': 0.17680454176804541}, 'hero_damage_per_min': {'raw': 693.1428571428571, 'pct': 0.7201946472019465}, 'hero_healing_per_min': {'raw': 0, 'pct': 0.8240064882400648}, 'tower_damage': {'raw': 568, 'pct': 0.291970802919708}}",8676910436,Windranger,Maelstrom,Aghanim's Scepter,Orchid Malevolence,Power Treads,Javelin,Magic Wand,,,,Crippling Crossbow,Mystical
129,1,1,104,50,127,1,939,112,108,36,0,0,1605,1595,14,11,16,0,202,9,575,792,24,22839,0,1,0,46028,4743,2676,904,22440,"[5595, 5597, 5596, 5595, 5595, 5598, 5595, 5596, 5597, 5597, 1113, 5596, 5596, 5598, 5597, 6671, 5598, 7395]",54,3766.99,1770095895,2518,22,59,False,1,24130,33237,0.3335980937251787,2.5,0,"{'gold_per_min': {'raw': 575, 'pct': 0.8529130850047756}, 'xp_per_min': {'raw': 792, 'pct': 0.7344794651384909}, 'kills_per_min': {'raw': 0.33359809372517873, 'pct': 0.8319006685768864}, 'last_hits_per_min': {'raw': 4.813343923749007, 'pct': 0.6284622731614136}, 'hero_damage_per_min': {'raw': 1096.7752184273234, 'pct': 0.9551098376313276}, 'hero_healing_per_min': {'raw': 63.76489277204131, 'pct': 0.7688634192932188}, 'tower_damage': {'raw': 4743, 'pct': 0.725883476599809}}",8675626130,Legion Commander,Phase Boots,Blade Mail,Blink Dagger,Harpoon,Assault Cuirass,Aghanim's Scepter,Magic Wand,,,Serrated Shiv,Keen-eyed
128,1,0,100,50,610,1,232,108,42,36,0,0,1168,1586,6,9,23,0,151,2,393,673,25,20427,0,1,0,25120,683,0,1442,17990,"[5565, 5566, 7322, 7322, 7322, 5568, 7322, 5565, 5565, 5566, 5566, 5568, 5566, 414, 5565, 6411, 5568, 6963, 7891]",54,3766.99,1770091376,3359,22,59,False,0,22001,37676,0.1071747543911878,2.9,0,"{'gold_per_min': {'raw': 393, 'pct': 0.7262180974477959}, 'xp_per_min': {'raw': 673, 'pct': 0.7447795823665894}, 'kills_per_min': {'raw': 0.10717475439118784, 'pct': 0.45011600928074247}, 'last_hits_per_min': {'raw': 2.6972313188448944, 'pct': 0.7958236658932715}, 'hero_damage_per_min': {'raw': 448.70497171777316, 'pct': 0.6380510440835266}, 'hero_healing_per_min': {'raw': 0, 'pct': 0.7099767981438515}, 'tower_damage': {'raw': 683, 'pct': 0.6496519721577726}}",8675583592,Tusk,Phase Boots,Wind Waker,Blink Dagger,Aether Lens,Aghanim's Scepter,Observer Ward,Magic Wand,,,Rattlecage,Tough
0,0,0,14,214,37,1,0,232,36,0,0,0,359,1585,6,8,15,0,37,1,331,488,17,10159,0,0,0,17311,358,125,174,10385,"[5075, 5076, 5076, 5075, 5075, 5077, 5074, 5076, 5075, 5076, 5074, 5077, 5074, 5074]",54,3766.99,1770089006,1952,22,59,True,1,10768,15876,0.1844262295081967,2.33,0,"{'gold_per_min': {'raw': 331, 'pct': 0.28063241106719367}, 'xp_per_min': {'raw': 488, 'pct': 0.28402032749858835}, 'kills_per_min': {'raw': 0.1844262295081967, 'pct': 0.5398080180688877}, 'last_hits_per_min': {'raw': 1.1372950819672132, 'pct': 0.13777526821005082}, 'hero_damage_per_min': {'raw': 532.1004098360656, 'pct': 0.528514963297572}, 'hero_healing_per_min': {'raw': 3.842213114754098, 'pct': 0.8560135516657256}, 'tower_damage': {'raw': 358, 'pct': 0.47882552230378317}}",8675561840,Pudge,Tranquil Boots,Ghost Scepter,Blink Dagger,,Aether Lens,Magic Wand,,,,Essence Ring,Brawny
1,0,1,19,180,100,1,218,0,34,0,0,0,1604,1577,7,13,12,0,32,1,319,435,15,7766,0,0,0,18134,91,0,1266,6740,"[5107, 5106, 5106, 5107, 5106, 5107, 5106, 5107, 5109, 5108, 6934, 6937, 5109, 6937, 5108, 6153]",54,3766.99,1770009391,1855,22,59,True,0,9862,13448,0.2264150943396226,1.36,0,"{'gold_per_min': {'raw': 319, 'pct': 0.18424753867791843}, 'xp_per_min': {'raw': 435, 'pct': 0.18424753867791843}, 'kills_per_min': {'raw': 0.22641509433962265, 'pct': 0.7665260196905767}, 'last_hits_per_min': {'raw': 1.0350404312668464, 'pct': 0.04781997187060478}, 'hero_damage_per_min': {'raw': 586.544474393531, 'pct': 0.5668073136427567}, 'hero_healing_per_min': {'raw': 0, 'pct': 0.8410689170182841}, 'tower_damage': {'raw': 91, 'pct': 0.1490857946554149}}",8674342390,Tiny,Arcane Boots,Eul's Scepter of Divinity,Blink Dagger,Observer and Sentry Wards,,Magic Stick,,,,Searing Signet,Quickened
4,0,4,129,50,116,1,90,168,36,0,0,0,1605,1586,9,11,22,0,226,12,480,712,24,20940,0,1,0,23085,519,0,3955,17550,"[6583, 6495, 6495, 6583, 6495, 1416, 6583, 6495, 6583, 6582, 6582, 1020, 1416, 6582, 6582, 545, 1416, 1542]",54,3766.99,1770006056,2848,22,59,True,1,22784,33796,0.1896067415730337,2.58,0,"{'gold_per_min': {'raw': 480, 'pct': 0.6289517470881864}, 'xp_per_min': {'raw': 712, 'pct': 0.6738768718801996}, 'kills_per_min': {'raw': 0.1896067415730337, 'pct': 0.7587354409317804}, 'last_hits_per_min': {'raw': 4.76123595505618, 'pct': 0.5490848585690515}, 'hero_damage_per_min': {'raw': 486.3412921348314, 'pct': 0.5291181364392679}, 'hero_healing_per_min': {'raw': 0, 'pct': 0.5574043261231281}, 'tower_damage': {'raw': 519, 'pct': 0.44093178036605657}}",8674311510,Mars,Phase Boots,Black King Bar,Blink Dagger,Pipe of Insight,Desolator,Magic Wand,,,,Serrated Shiv,Tough
4,0,4,104,50,127,1,112,108,149,36,0,0,1605,1576,23,8,17,0,164,2,630,936,25,22109,0,1,0,43834,6834,2117,2774,19955,"[5595, 5597, 5595, 5596, 5595, 5598, 5595, 5597, 5597, 5596, 1113, 5597, 5598, 5596, 5596, 6671, 5598, 6526]",54,3766.99,1770003466,2263,22,59,True,1,23761,35302,0.6098099867432611,4.44,0,"{'gold_per_min': {'raw': 630, 'pct': 0.9407831900668577}, 'xp_per_min': {'raw': 936, 'pct': 0.8872970391595033}, 'kills_per_min': {'raw': 0.6098099867432613, 'pct': 0.9885386819484241}, 'last_hits_per_min': {'raw': 4.348210340256297, 'pct': 0.4689589302769819}, 'hero_damage_per_min': {'raw': 1162.1917808219177, 'pct': 0.9665711556829035}, 'hero_healing_per_min': {'raw': 56.12903225806451, 'pct': 0.7172874880611271}, 'tower_damage': {'raw': 6834, 'pct': 0.828080229226361}}",8674287978,Legion Commander,Phase Boots,Blade Mail,Blink Dagger,Assault Cuirass,Aghanim's Scepter,Crystalys,Magic Wand,,,Serrated Shiv,Vast
3,0,3,88,102,204,1,100,180,218,0,0,34,1607,1592,9,16,13,0,41,0,356,589,23,16717,0,0,0,30843,102,400,617,16580,"[5462, 1104, 5464, 5462, 5462, 5465, 1104, 5462, 1104, 1104, 5464, 5465, 5464, 5464, 1368, 402, 5465, 6399]",54,3766.99,1764395123,3016,22,58,True,1,17894,29607,0.1790450928381962,1.29,0,"{'gold_per_min': {'raw': 356, 'pct': 0.42424242424242425}, 'xp_per_min': {'raw': 589, 'pct': 0.3996212121212121}, 'kills_per_min': {'raw': 0.17904509283819628, 'pct': 0.44507575757575757}, 'last_hits_per_min': {'raw': 0.8156498673740052, 'pct': 0.10984848484848485}, 'hero_damage_per_min': {'raw': 613.5875331564987, 'pct': 0.5473484848484849}, 'hero_healing_per_min': {'raw': 7.957559681697614, 'pct': 0.9147727272727273}, 'tower_damage': {'raw': 102, 'pct': 0.36174242424242425}}",8581525582,Nyx Assassin,Force Staff,Dagon,Blink Dagger,Eul's Scepter of Divinity,Arcane Boots,Observer and Sentry Wards,,,Magic Stick,Magnifying Monocle,Timeless
128,1,0,7,0,180,1,218,0,36,0,0,0,565,1583,2,11,8,0,38,3,257,312,11,5830,0,1,0,13207,0,0,280,5890,"[5023, 5024, 5025, 5024, 5024, 5026, 5025, 5024, 5025, 5025, 5023]",54,3766.99,1764392517,1503,22,58,False,0,6437,7815,0.0798403193612774,0.83,0,"{'gold_per_min': {'raw': 257, 'pct': 0.06390977443609022}, 'xp_per_min': {'raw': 312, 'pct': 0.07268170426065163}, 'kills_per_min': {'raw': 0.07984031936127745, 'pct': 0.2531328320802005}, 'last_hits_per_min': {'raw': 1.5169660678642714, 'pct': 0.08270676691729323}, 'hero_damage_per_min': {'raw': 527.2255489021956, 'pct': 0.4448621553884712}, 'hero_healing_per_min': {'raw': 0, 'pct': 0.8471177944862155}, 'tower_damage': {'raw': 0, 'pct': 0.2568922305764411}}",8581490019,Earthshaker,,Arcane Boots,Blink Dagger,Observer and Sentry Wards,,Magic Wand,,,,Chipped Vest,Mystical
3,0,3,100,50,37,1,108,232,36,0,0,0,1603,1585,4,5,22,0,51,5,347,560,19,12254,0,0,0,19064,301,0,79,12465,"[5565, 5566, 7322, 5565, 5565, 5568, 5565, 7322, 5566, 5566, 7322, 5568, 7322, 5566, 414, 6423, 5568]",54,3766.99,1764309632,2191,22,58,True,1,12671,20449,0.1095390232770424,4.33,0,"{'gold_per_min': {'raw': 347, 'pct': 0.5197215777262181}, 'xp_per_min': {'raw': 560, 'pct': 0.5104408352668214}, 'kills_per_min': {'raw': 0.10953902327704244, 'pct': 0.4593967517401392}, 'last_hits_per_min': {'raw': 1.3966225467822913, 'pct': 0.43387470997679817}, 'hero_damage_per_min': {'raw': 522.0629849383843, 'pct': 0.7726218097447796}, 'hero_healing_per_min': {'raw': 0, 'pct': 0.7099767981438515}, 'tower_damage': {'raw': 301, 'pct': 0.4802784222737819}}",8579932542,Tusk,Phase Boots,Ghost Scepter,Blink Dagger,Aghanim's Scepter,Aether Lens,Magic Wand,,,,Gunpowder Gauntlet,Brawny
4,0,4,53,63,108,250,86,26,36,240,111,0,1603,1586,11,13,7,0,214,4,554,689,21,19292,0,0,0,29233,801,535,292,21005,"[5245, 5246, 5245, 5246, 5245, 5248, 5245, 5246, 5246, 5247, 5248, 5247, 470, 5247, 5247, 1620, 5248, 927]",54,3766.99,1764303887,2241,22,58,True,0,20691,25734,0.2945113788487282,1.29,0,"{'gold_per_min': {'raw': 554, 'pct': 0.5250379362670713}, 'xp_per_min': {'raw': 689, 'pct': 0.5417298937784522}, 'kills_per_min': {'raw': 0.29451137884872824, 'pct': 0.8179059180576631}, 'last_hits_per_min': {'raw': 5.729585006693441, 'pct': 0.456752655538695}, 'hero_damage_per_min': {'raw': 782.6773761713521, 'pct': 0.7101669195751138}, 'hero_healing_per_min': {'raw': 14.3239625167336, 'pct': 0.5614567526555387}, 'tower_damage': {'raw': 801, 'pct': 0.2883156297420334}}",8579869802,Nature's Prophet,Power Treads,Aghanim's Scepter,Bloodthorn,Buckler,Morbid Mask,Magic Wand,Orb of Blight,Assault Cuirass Recipe,,Gunpowder Gauntlet,Tough
130,1,2,35,108,63,263,7,485,36,20,134,0,1603,1586,5,9,15,0,171,16,459,582,20,16468,0,1,0,29988,717,0,1913,15105,"[5154, 5155, 5154, 5155, 5154, 5157, 5154, 5155, 5155, 5156, 5156, 5157, 5156, 928, 6305, 5156, 5157]",54,3766.99,1764219746,2280,22,58,False,0,17442,22116,0.131578947368421,2.0,0,"{'gold_per_min': {'raw': 459, 'pct': 0.3697657913413769}, 'xp_per_min': {'raw': 582, 'pct': 0.3307310149041874}, 'kills_per_min': {'raw': 0.13157894736842105, 'pct': 0.21646557842441447}, 'last_hits_per_min': {'raw': 4.5, 'pct': 0.3697657913413769}, 'hero_damage_per_min': {'raw': 789.1578947368421, 'pct': 0.5578424414478353}, 'hero_healing_per_min': {'raw': 0, 'pct': 0.9240596167494677}, 'tower_damage': {'raw': 717, 'pct': 0.298083747338538}}",8578436312,Sniper,Aghanim's Scepter,Power Treads,Hurricane Pike,Javelin,Blitz Knuckles,Magic Wand,Circlet,Monkey King Bar Recipe,,Gunpowder Gauntlet,Tough
4,0,4,7,180,102,1,235,0,36,0,0,0,1602,1583,4,8,13,0,114,1,427,530,18,14795,0,1,0,15233,1050,0,2195,12840,"[5023, 5024, 5025, 5025, 5025, 5026, 5023, 5025, 5023, 5023, 5024, 5026, 5024, 5024, 858, 744, 5026]",54,3766.99,1764137001,2091,22,58,True,1,14880,18470,0.1147776183644189,1.89,0,"{'gold_per_min': {'raw': 427, 'pct': 0.5162907268170426}, 'xp_per_min': {'raw': 530, 'pct': 0.3233082706766917}, 'kills_per_min': {'raw': 0.11477761836441894, 'pct': 0.40225563909774437}, 'last_hits_per_min': {'raw': 3.2711621233859396, 'pct': 0.40852130325814534}, 'hero_damage_per_min': {'raw': 437.10186513629844, 'pct': 0.2807017543859649}, 'hero_healing_per_min': {'raw': 0, 'pct': 0.8471177944862155}, 'tower_damage': {'raw': 1050, 'pct': 0.6303258145363408}}",8577036750,Earthshaker,Arcane Boots,Force Staff,Blink Dagger,Octarine Core,,Magic Wand,,,,Gale Guard,Mystical
129,1,1,71,50,37,610,0,0,34,0,0,0,359,1577,3,4,26,0,49,2,368,604,18,11161,0,0,0,12879,378,0,1161,10330,"[5355, 5353, 5353, 5355, 5353, 5356, 5353, 5355, 5355, 7301, 7301, 5356, 7301, 7301, 7022, 6253, 5356]",54,3766.99,1763876880,1823,22,58,False,1,11181,18351,0.0987383433900164,5.8,0,"{'gold_per_min': {'raw': 368, 'pct': 0.45707070707070707}, 'xp_per_min': {'raw': 604, 'pct': 0.4217171717171717}, 'kills_per_min': {'raw': 0.09873834339001646, 'pct': 0.26262626262626265}, 'last_hits_per_min': {'raw': 1.6127262753702687, 'pct': 0.3106060606060606}, 'hero_damage_per_min': {'raw': 423.88370817334066, 'pct': 0.41919191919191917}, 'hero_healing_per_min': {'raw': 0, 'pct': 0.6565656565656566}, 'tower_damage': {'raw': 378, 'pct': 0.4810606060606061}}",8572333657,Spirit Breaker,Phase Boots,Ghost Scepter,Wind Waker,,,Magic Stick,,,,Essence Ring,Quickened
3,0,3,104,50,127,1,108,73,36,11,0,0,950,1586,4,9,12,4,147,5,352,554,20,11741,0,0,0,20253,0,1313,426,11775,"[5595, 5597, 5595, 5596, 5595, 5598, 5595, 5597, 5596, 5596, 5597, 5598, 5596, 5597, 5598]",54,3766.99,1766203438,2400,22,59,True,0,14080,22160,0.1,1.6,1,"{'gold_per_min': {'raw': 352, 'pct': 0.16332378223495703}, 'xp_per_min': {'raw': 554, 'pct': 0.2979942693409742}, 'kills_per_min': {'raw': 0.1, 'pct': 0.1929321872015282}, 'last_hits_per_min': {'raw': 3.675, 'pct': 0.25501432664756446}, 'hero_damage_per_min': {'raw': 506.32500000000005, 'pct': 0.3027698185291309}, 'hero_healing_per_min': {'raw': 32.825, 'pct': 0.5262655205348615}, 'tower_damage': {'raw': 0, 'pct': 0.18911174785100288}}",8612848763,Legion Commander,Phase Boots,Blade Mail,Blink Dagger,Aghanim's Scepter,Bracer,Magic Wand,Quelling Blade,,,Defiant Shell,Tough
130,1,2,19,40,610,1,11,180,36,0,0,0,1168,1584,2,10,18,0,120,2,291,494,20,11298,0,0,0,17213,81,0,208,11880,"[5107, 5106, 5106, 5107, 5106, 5107, 5106, 5107, 5109, 5108, 6934, 730, 5109, 5108, 6937, 6937, 5109, 6153, 7005]",54,3766.99,1766200419,2662,22,59,False,0,12910,21917,0.0450788880540946,1.82,0,"{'gold_per_min': {'raw': 291, 'pct': 0.13220815752461323}, 'xp_per_min': {'raw': 494, 'pct': 0.27285513361462727}, 'kills_per_min': {'raw': 0.04507888805409467, 'pct': 0.10126582278481013}, 'last_hits_per_min': {'raw': 2.70473328324568, 'pct': 0.3389592123769339}, 'hero_damage_per_min': {'raw': 387.9714500375657, 'pct': 0.20534458509142053}, 'hero_healing_per_min': {'raw': 0, 'pct': 0.8410689170182841}, 'tower_damage': {'raw': 81, 'pct': 0.14486638537271448}}",8612815448,Tiny,Dust of Appearance,Wind Waker,Blink Dagger,Quelling Blade,Arcane Boots,Magic Wand,,,,Rattlecage,Alert
4,0,4,71,50,116,127,112,252,36,40,0,0,950,1584,15,12,27,0,106,1,524,947,25,17103,0,0,0,33396,1407,125,788,16765,"[5353, 5355, 5355, 7301, 5353, 5356, 5353, 5353, 5355, 5355, 7301, 5356, 7301, 7301, 5356, 5931, 6149, 6253, 6543]",54,3766.99,1766123872,2328,22,59,True,0,20331,36743,0.3865979381443299,3.23,0,"{'gold_per_min': {'raw': 524, 'pct': 0.9318181818181818}, 'xp_per_min': {'raw': 947, 'pct': 0.928030303030303}, 'kills_per_min': {'raw': 0.38659793814432986, 'pct': 0.9696969696969697}, 'last_hits_per_min': {'raw': 2.731958762886598, 'pct': 0.6893939393939394}, 'hero_damage_per_min': {'raw': 860.7216494845361, 'pct': 0.9772727272727273}, 'hero_healing_per_min': {'raw': 3.221649484536082, 'pct': 0.7285353535353535}, 'tower_damage': {'raw': 1407, 'pct': 0.7234848484848485}}",8611481752,Spirit Breaker,Phase Boots,Black King Bar,Blade Mail,Assault Cuirass,Echo Sabre,Magic Wand,Dust of Appearance,,,Defiant Shell,Alert
4,0,4,104,50,127,1,108,149,36,11,0,0,1603,1586,2,5,20,0,140,2,365,505,18,13409,0,0,0,19463,2419,1846,499,13150,"[5595, 5597, 5596, 5595, 5595, 5598, 5595, 5597, 5596, 5597, 5596, 5598, 1113, 5597, 5596, 6671, 5598]",54,3766.99,1766121212,2263,22,59,True,1,13766,19046,0.0530269553689792,3.67,0,"{'gold_per_min': {'raw': 365, 'pct': 0.1938872970391595}, 'xp_per_min': {'raw': 505, 'pct': 0.23304680038204392}, 'kills_per_min': {'raw': 0.05302695536897924, 'pct': 0.07927411652340019}, 'last_hits_per_min': {'raw': 3.711886875828546, 'pct': 0.26838586437440304}, 'hero_damage_per_min': {'raw': 516.0318161732214, 'pct': 0.3123209169054441}, 'hero_healing_per_min': {'raw': 48.94387980556783, 'pct': 0.6876790830945558}, 'tower_damage': {'raw': 2419, 'pct': 0.5682903533906399}}",8611455053,Legion Commander,Phase Boots,Blade Mail,Blink Dagger,Aghanim's Scepter,Crystalys,Magic Wand,Quelling Blade,,,Gunpowder Gauntlet,Tough
132,1,4,87,218,108,1,180,232,4204,40,94,34,1158,1586,3,15,28,0,25,0,308,412,18,11685,0,0,0,13845,0,0,805,11905,"[5458, 5459, 5459, 5460, 5459, 5461, 5458, 5459, 5460, 5460, 5918, 5460, 5461, 5458, 5458, 5461]",54,3766.99,1766118262,2566,22,59,False,0,13172,17619,0.0701480904130943,1.94,0,"{'gold_per_min': {'raw': 308, 'pct': 0.4319419237749546}, 'xp_per_min': {'raw': 412, 'pct': 0.24682395644283123}, 'kills_per_min': {'raw': 0.07014809041309432, 'pct': 0.35208711433756806}, 'last_hits_per_min': {'raw': 0.5845674201091192, 'pct': 0.14156079854809436}, 'hero_damage_per_min': {'raw': 323.73343725643025, 'pct': 0.397459165154265}, 'hero_healing_per_min': {'raw': 0, 'pct': 0.6950998185117967}, 'tower_damage': {'raw': 0, 'pct': 0.24682395644283123}}",8611425516,Disruptor,Observer and Sentry Wards,Aghanim's Scepter,Blink Dagger,Arcane Boots,Aether Lens,Healing Lotus,Dust of Appearance,Headdress,Magic Stick,Whisper of the Dread,Tough
131,1,3,14,127,37,1,214,232,36,0,0,0,1158,1593,9,13,16,0,63,2,314,428,18,10657,0,0,0,26556,0,0,872,10135,"[5075, 5076, 5076, 5075, 5074, 5077, 5076, 5076, 5075, 5074, 7142, 5074, 5077, 5075, 5074, 507, 5077]",54,3766.99,1766030310,2466,22,59,False,0,12905,17590,0.218978102189781,1.79,0,"{'gold_per_min': {'raw': 314, 'pct': 0.2264257481648786}, 'xp_per_min': {'raw': 428, 'pct': 0.17843026538678713}, 'kills_per_min': {'raw': 0.218978102189781, 'pct': 0.655561829474873}, 'last_hits_per_min': {'raw': 1.532846715328467, 'pct': 0.2552230378317335}, 'hero_damage_per_min': {'raw': 646.1313868613139, 'pct': 0.6871823828345568}, 'hero_healing_per_min': {'raw': 0, 'pct': 0.8006775832862789}, 'tower_damage': {'raw': 0, 'pct': 0.269339356295878}}",8610056614,Pudge,Blade Mail,Ghost Scepter,Blink Dagger,Tranquil Boots,Aether Lens,Magic Wand,,,,Whisper of the Dread,Greedy
3,0,3,7,610,102,1,40,180,34,0,0,0,1604,1593,7,10,17,0,129,2,394,512,20,14699,0,1,0,26851,0,0,269,15480,"[5023, 5024, 5025, 5025, 5024, 5026, 5025, 5024, 5025, 5023, 5023, 744, 5026, 5023, 5024, 858, 5026, 6425]",54,3766.99,1766027240,2638,22,59,True,0,17322,22510,0.1592115238817285,2.18,0,"{'gold_per_min': {'raw': 394, 'pct': 0.38345864661654133}, 'xp_per_min': {'raw': 512, 'pct': 0.29448621553884713}, 'kills_per_min': {'raw': 0.1592115238817286, 'pct': 0.5764411027568922}, 'last_hits_per_min': {'raw': 2.934040940106141, 'pct': 0.3358395989974937}, 'hero_damage_per_min': {'raw': 610.7126611068992, 'pct': 0.6027568922305765}, 'hero_healing_per_min': {'raw': 0, 'pct': 0.8471177944862155}, 'tower_damage': {'raw': 0, 'pct': 0.2568922305764411}}",8610026147,Earthshaker,Wind Waker,Force Staff,Blink Dagger,Dust of Appearance,Arcane Boots,Magic Stick,,,,Searing Signet,Greedy
3,0,3,39,63,100,98,119,108,218,0,0,0,1642,1583,6,12,24,0,189,3,452,659,25,20605,0,1,0,26234,1957,0,2405,19640,"[5173, 5175, 5174, 5173, 5173, 5176, 5173, 5175, 5174, 5175, 5174, 5176, 5175, 5174, 629, 5176, 590, 6115, 965]",54,3766.99,1765689543,3296,22,58,True,0,24829,36201,0.1092233009708738,2.31,0,"{'gold_per_min': {'raw': 452, 'pct': 0.3385036496350365}, 'xp_per_min': {'raw': 659, 'pct': 0.3613138686131387}, 'kills_per_min': {'raw': 0.1092233009708738, 'pct': 0.13686131386861314}, 'last_hits_per_min': {'raw': 3.4405339805825244, 'pct': 0.22536496350364962}, 'hero_damage_per_min': {'raw': 477.56067961165047, 'pct': 0.1322992700729927}, 'hero_healing_per_min': {'raw': 0, 'pct': 0.8166058394160584}, 'tower_damage': {'raw': 1957, 'pct': 0.5392335766423357}}",8604385410,Queen of Pain,Power Treads,Eul's Scepter of Divinity,Orchid Malevolence,Shiva's Guard,Aghanim's Scepter,Observer and Sentry Wards,,,,Dezun Bloodrite,Mystical
1,0,1,26,37,102,1,232,214,108,4204,0,36,675,1593,6,12,22,0,60,4,401,642,22,16084,0,1,0,21670,583,0,909,15830,"[5044, 5046, 5044, 5045, 5046, 5047, 5046, 5046, 5044, 5044, 5045, 5047, 5045, 5045, 5918, 401, 5047, 777]",54,3766.99,1765686583,2573,22,58,True,1,17196,27531,0.1399144966964632,2.15,0,"{'gold_per_min': {'raw': 401, 'pct': 0.832226916113458}, 'xp_per_min': {'raw': 642, 'pct': 0.6741098370549186}, 'kills_per_min': {'raw': 0.13991449669646328, 'pct': 0.4894387447193724}, 'last_hits_per_min': {'raw': 1.3991449669646328, 'pct': 0.6385033192516596}, 'hero_damage_per_min': {'raw': 505.3245239020598, 'pct': 0.8461074230537116}, 'hero_healing_per_min': {'raw': 0, 'pct': 0.7942063971031985}, 'tower_damage': {'raw': 583, 'pct': 0.656004828002414}}",8604346199,Lion,Ghost Scepter,Force Staff,Blink Dagger,Aether Lens,Tranquil Boots,Aghanim's Scepter,Healing Lotus,,Magic Wand,Psychic Headband,Greedy
132,1,4,30,232,180,254,108,1441,36,11,0,0,359,1593,11,6,19,0,46,3,453,532,17,13741,0,1,0,24996,858,9308,1666,12315,"[5140, 5138, 5140, 5139, 5138, 5141, 5138, 5140, 5138, 5140, 5139, 5141, 5139, 5139, 6524, 6995]",54,3766.99,1765683888,1850,22,58,False,1,13967,16403,0.3567567567567568,4.29,0,"{'gold_per_min': {'raw': 453, 'pct': 0.8703703703703703}, 'xp_per_min': {'raw': 532, 'pct': 0.48324514991181655}, 'kills_per_min': {'raw': 0.3567567567567568, 'pct': 0.9303350970017636}, 'last_hits_per_min': {'raw': 1.4918918918918918, 'pct': 0.63668430335097}, 'hero_damage_per_min': {'raw': 810.6810810810811, 'pct': 0.8474426807760141}, 'hero_healing_per_min': {'raw': 301.8810810810811, 'pct': 0.8483245149911817}, 'tower_damage': {'raw': 858, 'pct': 0.7239858906525574}}",8604312756,Witch Doctor,Aether Lens,Arcane Boots,Glimmer Cape,Aghanim's Scepter,Gris-Gris,Magic Wand,Quelling Blade,,,Essence Ring,Greedy
132,1,4,106,50,145,145,11,1125,34,3,11,0,828,1586,5,10,8,0,118,1,368,524,18,12329,0,0,0,15482,0,0,429,13420,"[5604, 5603, 5604, 5603, 5604, 5606, 5605, 5604, 5603, 5603, 5605, 5606, 5605, 5605, 6159, 6647, 5606]",54,3766.99,1763790562,2104,22,58,False,0,12904,18374,0.1425855513307984,1.18,0,"{'gold_per_min': {'raw': 368, 'pct': 0.14439655172413793}, 'xp_per_min': {'raw': 524, 'pct': 0.1810344827586207}, 'kills_per_min': {'raw': 0.14258555133079848, 'pct': 0.2521551724137931}, 'last_hits_per_min': {'raw': 3.365019011406844, 'pct': 0.13577586206896552}, 'hero_damage_per_min': {'raw': 441.5019011406844, 'pct': 0.08405172413793104}, 'hero_healing_per_min': {'raw': 0, 'pct': 0.6271551724137931}, 'tower_damage': {'raw': 0, 'pct': 0.13577586206896552}}",8570511409,Ember Spirit,Phase Boots,Battle Fury,Battle Fury,Quelling Blade,Cornucopia,Magic Stick,Broadsword,Quelling Blade,,Brigand's Blade,Tough
131,1,3,41,158,63,147,160,139,26,0,0,0,1607,1584,11,8,16,0,398,6,642,998,27,28678,0,1,0,50329,4840,0,2128,27390,"[5182, 5691, 5184, 5184, 5184, 5185, 5184, 5182, 5182, 5182, 867, 5185, 5691, 5691, 5691, 5185, 6807, 6128, 6651, 856]",54,3766.99,1763704955,2855,22,58,False,1,30548,47488,0.2311733800350262,3.0,0,"{'gold_per_min': {'raw': 642, 'pct': 0.7471751412429378}, 'xp_per_min': {'raw': 998, 'pct': 0.786723163841808}, 'kills_per_min': {'raw': 0.23117338003502627, 'pct': 0.653954802259887}, 'last_hits_per_min': {'raw': 8.364273204903679, 'pct': 0.8163841807909604}, 'hero_damage_per_min': {'raw': 1057.7022767075305, 'pct': 0.9519774011299436}, 'hero_healing_per_min': {'raw': 0, 'pct': 0.9166666666666666}, 'tower_damage': {'raw': 4840, 'pct': 0.6059322033898306}}",8568897442,Faceless Void,Mjollnir,Power Treads,Manta Style,Eye of Skadi,Butterfly,Morbid Mask,,,,Magnifying Monocle,Alert
128,1,0,1,63,208,147,145,160,139,0,0,0,1641,1597,12,14,10,0,527,9,671,963,28,30552,0,0,0,35540,0,0,3002,29945,"[5003, 5004, 5004, 5003, 7314, 5006, 5004, 5004, 7314, 5003, 5003, 5006, 7314, 7314, 966, 666, 5006, 665, 6353, 1495, 6800]",54,3766.99,1763699899,3185,22,58,False,0,35618,51119,0.2260596546310831,1.47,0,"{'gold_per_min': {'raw': 671, 'pct': 0.6234042553191489}, 'xp_per_min': {'raw': 963, 'pct': 0.6329787234042553}, 'kills_per_min': {'raw': 0.22605965463108318, 'pct': 0.5914893617021276}, 'last_hits_per_min': {'raw': 9.92778649921507, 'pct': 0.7393617021276596}, 'hero_damage_per_min': {'raw': 669.5133437990581, 'pct': 0.6978723404255319}, 'hero_healing_per_min': {'raw': 0, 'pct': 0.9617021276595744}, 'tower_damage': {'raw': 0, 'pct': 0.13191489361702127}}",8568841434,Anti-Mage,Power Treads,Abyssal Blade,Manta Style,Battle Fury,Eye of Skadi,Butterfly,,,,Outworld Staff,Titanic
0,0,0,41,139,158,147,141,160,116,63,0,0,327,1588,19,11,19,0,614,13,803,1149,30,46183,1,1,0,64246,18330,125,6833,41245,"[5182, 5691, 5184, 5182, 5182, 5185, 5182, 5184, 5184, 5184, 5691, 5185, 5691, 5691, 6807, 867, 5185, 6128, 6651, 856, 868, 7388, 7001]",54,3766.99,1763611015,4039,22,58,True,1,54055,77346,0.2822480812082198,3.17,0,"{'gold_per_min': {'raw': 803, 'pct': 0.9774011299435028}, 'xp_per_min': {'raw': 1149, 'pct': 0.9209039548022598}, 'kills_per_min': {'raw': 0.2822480812082198, 'pct': 0.7796610169491526}, 'last_hits_per_min': {'raw': 9.121069571676157, 'pct': 0.9011299435028248}, 'hero_damage_per_min': {'raw': 954.3847487001733, 'pct': 0.922316384180791}, 'hero_healing_per_min': {'raw': 1.8568952711067095, 'pct': 0.9194915254237288}, 'tower_damage': {'raw': 18330, 'pct': 0.981638418079096}}",8567352813,Faceless Void,Butterfly,Mjollnir,Manta Style,Daedalus,Eye of Skadi,Black King Bar,Power Treads,,,Helm of the Undying,Fleetfooted
0,0,0,49,158,147,1,63,108,141,0,0,0,1601,1584,8,5,6,0,446,17,613,764,25,25513,0,1,0,20337,2308,0,1013,26325,"[5226, 5228, 5226, 5227, 5226, 5229, 5226, 5228, 5228, 5228, 5227, 5229, 5227, 5227, 6635, 5938, 5229, 1043, 742]",54,3766.99,1763531848,2785,22,58,True,0,28453,35462,0.1723518850987432,2.33,0,"{'gold_per_min': {'raw': 613, 'pct': 0.7667304015296367}, 'xp_per_min': {'raw': 764, 'pct': 0.6118546845124283}, 'kills_per_min': {'raw': 0.17235188509874327, 'pct': 0.5239005736137667}, 'last_hits_per_min': {'raw': 9.608617594254937, 'pct': 0.9292543021032504}, 'hero_damage_per_min': {'raw': 438.1400359066427, 'pct': 0.35372848948374763}, 'hero_healing_per_min': {'raw': 0, 'pct': 0.9541108986615678}, 'tower_damage': {'raw': 2308, 'pct': 0.3977055449330784}}",8565981615,Dragon Knight,Mjollnir,Manta Style,Blink Dagger,Power Treads,Aghanim's Scepter,Daedalus,,,,Crippling Crossbow,Alert
132,1,4,104,50,127,1,108,168,252,1122,0,0,1643,1585,16,13,10,0,155,7,464,731,24,17537,0,0,0,41050,116,888,87,18975,"[5595, 5597, 5595, 5596, 5595, 5598, 5595, 5597, 5597, 5597, 5596, 5598, 5596, 5596, 1113, 6671, 5598, 6526]",54,3766.99,1763525363,2591,22,58,False,0,20037,31567,0.3705133153222694,1.86,0,"{'gold_per_min': {'raw': 464, 'pct': 0.5157593123209169}, 'xp_per_min': {'raw': 731, 'pct': 0.6255969436485196}, 'kills_per_min': {'raw': 0.3705133153222694, 'pct': 0.8787010506208214}, 'last_hits_per_min': {'raw': 3.5893477421844846, 'pct': 0.24068767908309455}, 'hero_damage_per_min': {'raw': 950.5982246236974, 'pct': 0.8968481375358166}, 'hero_healing_per_min': {'raw': 20.56348900038595, 'pct': 0.3763132760267431}, 'tower_damage': {'raw': 116, 'pct': 0.24450811843361986}}",8565912597,Legion Commander,Phase Boots,Blade Mail,Blink Dagger,Aghanim's Scepter,Desolator,Echo Sabre,Diadem,,,Giant's Maul,Brawny
1,0,1,8,50,158,1,108,75,36,11,0,0,1603,1584,6,12,9,0,289,14,580,698,21,19011,0,0,0,20262,774,3456,1606,18345,"[5028, 5028, 5029, 5027, 5028, 5030, 5028, 5027, 5027, 5027, 7021, 5030, 5029, 5029, 5029, 1192, 5030, 6105]",54,3766.99,1763443806,2154,22,58,True,0,20822,25058,0.1671309192200557,1.15,0,"{'gold_per_min': {'raw': 580, 'pct': 0.42597402597402595}, 'xp_per_min': {'raw': 698, 'pct': 0.3238095238095238}, 'kills_per_min': {'raw': 0.1671309192200557, 'pct': 0.3523809523809524}, 'last_hits_per_min': {'raw': 8.050139275766016, 'pct': 0.4562770562770563}, 'hero_damage_per_min': {'raw': 564.4011142061281, 'pct': 0.42597402597402595}, 'hero_healing_per_min': {'raw': 96.26740947075209, 'pct': 0.3913419913419913}, 'tower_damage': {'raw': 774, 'pct': 0.258008658008658}}",8564498928,Juggernaut,Phase Boots,Mjollnir,Blink Dagger,Aghanim's Scepter,Wraith Band,Magic Wand,Quelling Blade,,,Gunpowder Gauntlet,Alert
3,0,3,100,50,108,1,168,232,36,0,0,0,1641,1583,8,13,25,0,106,6,362,696,24,15318,0,0,0,21073,110,0,1143,14465,"[7322, 5566, 5565, 7322, 7322, 5568, 7322, 5566, 5565, 5566, 5568, 5566, 5565, 5565, 5568, 6411, 6961, 6194]",54,3766.99,1763437606,2791,22,58,True,0,16839,32375,0.1719813686850591,2.36,0,"{'gold_per_min': {'raw': 362, 'pct': 0.5893271461716937}, 'xp_per_min': {'raw': 696, 'pct': 0.7819025522041764}, 'kills_per_min': {'raw': 0.17198136868505912, 'pct': 0.6728538283062645}, 'last_hits_per_min': {'raw': 2.2787531350770336, 'pct': 0.6983758700696056}, 'hero_damage_per_min': {'raw': 453.02042278753134, 'pct': 0.6473317865429234}, 'hero_healing_per_min': {'raw': 0, 'pct': 0.7099767981438515}, 'tower_damage': {'raw': 110, 'pct': 0.3480278422273782}}",8564431049,Tusk,Phase Boots,Aghanim's Scepter,Blink Dagger,Desolator,Aether Lens,Magic Wand,,,,Outworld Staff,Mystical
0,0,0,105,180,96,176,235,108,100,0,0,0,377,1587,14,21,34,0,379,5,578,733,28,31226,0,0,0,63572,373,0,7651,23865,"[879, 5601, 879, 5601, 879, 5599, 879, 886, 5601, 5601, 886, 5599, 886, 886, 6997, 6282, 5599, 412, 6998, 6000, 6160]",54,3766.99,1763353911,4335,22,58,True,0,41760,52959,0.1937716262975778,2.18,0,"{'gold_per_min': {'raw': 578, 'pct': 0.9293078055964654}, 'xp_per_min': {'raw': 733, 'pct': 0.7864506627393225}, 'kills_per_min': {'raw': 0.19377162629757785, 'pct': 0.6170839469808542}, 'last_hits_per_min': {'raw': 5.245674740484429, 'pct': 0.8969072164948454}, 'hero_damage_per_min': {'raw': 879.8892733564014, 'pct': 0.6318114874815906}, 'hero_healing_per_min': {'raw': 0, 'pct': 0.8468335787923417}, 'tower_damage': {'raw': 373, 'pct': 0.4108983799705449}}",8562952514,Techies,Arcane Boots,Scythe of Vyse,Ethereal Blade,Octarine Core,Aghanim's Scepter,Eul's Scepter of Divinity,,,,Minotaur Horn,Feverish
4,0,4,1,116,208,147,160,145,139,63,0,0,326,1597,21,11,14,0,913,44,834,1102,30,47692,1,0,1,59074,2998,0,6192,44135,"[5003, 5004, 7314, 5003, 5004, 5006, 5004, 5004, 7314, 5003, 7314, 5006, 7314, 5003, 666, 5006, 966, 735, 6606, 1495, 6800, 665, 6353]",54,3766.99,1763266121,4560,22,58,True,0,63384,83752,0.2763157894736842,2.92,0,"{'gold_per_min': {'raw': 834, 'pct': 0.95}, 'xp_per_min': {'raw': 1102, 'pct': 0.7851063829787234}, 'kills_per_min': {'raw': 0.2763157894736842, 'pct': 0.7138297872340426}, 'last_hits_per_min': {'raw': 12.013157894736842, 'pct': 0.9478723404255319}, 'hero_damage_per_min': {'raw': 777.2894736842105, 'pct': 0.8021276595744681}, 'hero_healing_per_min': {'raw': 0, 'pct': 0.9617021276595744}, 'tower_damage': {'raw': 2998, 'pct': 0.4308510638297872}}",8561111674,Anti-Mage,Black King Bar,Abyssal Blade,Manta Style,Eye of Skadi,Battle Fury,Butterfly,Power Treads,,,Spider Legs,Titanic
132,1,4,1,63,145,147,160,139,8,16,16,17,1643,1584,13,5,13,0,307,27,645,1049,26,24299,0,0,0,31740,5289,0,739,24005,"[5003, 5004, 5003, 7314, 5004, 5006, 5003, 7314, 5004, 5004, 7314, 5006, 5003, 7314, 966, 6800, 5006, 735, 6606]",54,3766.99,1767409608,2372,22,59,False,1,25499,41470,0.3288364249578415,4.33,0,"{'gold_per_min': {'raw': 645, 'pct': 0.5648936170212766}, 'xp_per_min': {'raw': 1049, 'pct': 0.7361702127659574}, 'kills_per_min': {'raw': 0.3288364249578415, 'pct': 0.8308510638297872}, 'last_hits_per_min': {'raw': 7.765598650927488, 'pct': 0.4031914893617021}, 'hero_damage_per_min': {'raw': 802.866779089376, 'pct': 0.8148936170212766}, 'hero_healing_per_min': {'raw': 0, 'pct': 0.9617021276595744}, 'tower_damage': {'raw': 5289, 'pct': 0.5063829787234042}}",8632847346,Anti-Mage,Power Treads,Battle Fury,Manta Style,Eye of Skadi,Butterfly,Mithril Hammer,Iron Branch,Iron Branch,Belt of Strength,Giant's Maul,Alert
0,0,0,14,50,119,1,21,108,114,0,0,0,1643,1585,10,15,12,0,222,6,469,700,25,20406,0,0,0,32934,413,0,1181,20625,"[5075, 5076, 5074, 5076, 5076, 5077, 5076, 5075, 5074, 5074, 7142, 5074, 5077, 5075, 5075, 6565, 5077, 332, 6023]",54,3766.99,1766982031,3017,22,59,True,0,23582,35198,0.1988730527013589,1.38,0,"{'gold_per_min': {'raw': 469, 'pct': 0.7758328627893846}, 'xp_per_min': {'raw': 700, 'pct': 0.6815358554488989}, 'kills_per_min': {'raw': 0.19887305270135897, 'pct': 0.5957086391869001}, 'last_hits_per_min': {'raw': 4.4149817699701694, 'pct': 0.8277809147374364}, 'hero_damage_per_min': {'raw': 654.9685117666556, 'pct': 0.7063805759457933}, 'hero_healing_per_min': {'raw': 0, 'pct': 0.8006775832862789}, 'tower_damage': {'raw': 413, 'pct': 0.5008469791078487}}",8625911120,Pudge,Phase Boots,Shiva's Guard,Blink Dagger,Ogre Axe,Aghanim's Scepter,Heart of Tarrasque,,,,Giant's Maul,Brawny
0,0,0,100,50,108,1,57,0,36,0,0,0,1604,1577,10,8,17,0,41,2,320,448,16,9885,0,0,0,17539,0,0,775,9360,"[5565, 5566, 7322, 5565, 5565, 7322, 5568, 5565, 5566, 5566, 7322, 5568, 7322, 5566, 414, 6411]",54,3766.99,1766979650,1962,22,59,True,0,10464,14649,0.3058103975535168,3.0,0,"{'gold_per_min': {'raw': 320, 'pct': 0.3851508120649652}, 'xp_per_min': {'raw': 448, 'pct': 0.2668213457076566}, 'kills_per_min': {'raw': 0.30581039755351686, 'pct': 0.9048723897911833}, 'last_hits_per_min': {'raw': 1.253822629969419, 'pct': 0.37354988399071926}, 'hero_damage_per_min': {'raw': 536.3608562691131, 'pct': 0.8074245939675174}, 'hero_healing_per_min': {'raw': 0, 'pct': 0.7099767981438515}, 'tower_damage': {'raw': 0, 'pct': 0.23897911832946636}}",8625887097,Tusk,Phase Boots,Aghanim's Scepter,Blink Dagger,Void Stone,,Magic Wand,,,,Searing Signet,Quickened
3,0,3,100,50,102,1,232,108,36,0,0,0,1720,1583,9,20,18,0,85,5,338,724,25,12946,0,0,0,30649,35,0,61,13675,"[5566, 5565, 7322, 7322, 5565, 5568, 7322, 5565, 5565, 5566, 414, 5566, 5568, 5566, 7322, 6411, 5568, 6963, 7891]",54,3766.99,1766898556,3104,22,59,True,0,17485,37454,0.1739690721649484,1.29,0,"{'gold_per_min': {'raw': 338, 'pct': 0.4779582366589327}, 'xp_per_min': {'raw': 724, 'pct': 0.8213457076566125}, 'kills_per_min': {'raw': 0.17396907216494845, 'pct': 0.6728538283062645}, 'last_hits_per_min': {'raw': 1.643041237113402, 'pct': 0.5011600928074246}, 'hero_damage_per_min': {'raw': 592.4420103092783, 'pct': 0.8607888631090487}, 'hero_healing_per_min': {'raw': 0, 'pct': 0.7099767981438515}, 'tower_damage': {'raw': 35, 'pct': 0.2853828306264501}}",8624393470,Tusk,Phase Boots,Force Staff,Blink Dagger,Aether Lens,Aghanim's Scepter,Magic Wand,,,,Idol of Scree'Auk,Mystical
129,1,1,7,180,610,1,0,0,0,0,0,0,1604,1593,10,4,13,0,78,4,465,532,16,12933,0,1,0,13091,773,0,1083,12315,"[5023, 5024, 5025, 5024, 5025, 5026, 5024, 5025, 5023, 5025, 744, 5023, 5026, 5024, 5023, 858]",54,3766.99,1766896536,1689,22,59,False,1,13089,14975,0.3552397868561279,4.6,0,"{'gold_per_min': {'raw': 465, 'pct': 0.6478696741854637}, 'xp_per_min': {'raw': 532, 'pct': 0.3258145363408521}, 'kills_per_min': {'raw': 0.3552397868561279, 'pct': 0.949874686716792}, 'last_hits_per_min': {'raw': 2.7708703374777977, 'pct': 0.29949874686716793}, 'hero_damage_per_min': {'raw': 465.044404973357, 'pct': 0.31203007518796994}, 'hero_healing_per_min': {'raw': 0, 'pct': 0.8471177944862155}, 'tower_damage': {'raw': 773, 'pct': 0.556390977443609}}",8624367903,Earthshaker,Arcane Boots,Wind Waker,Blink Dagger,,,,,,,Searing Signet,Greedy
131,1,3,84,108,226,65,180,232,36,0,218,0,1598,1595,5,3,23,0,80,4,476,557,18,14951,0,0,0,20703,2871,96,416,14975,"[5438, 5439, 5439, 5438, 5438, 5441, 5438, 5439, 5439, 5440, 801, 5440, 5441, 5440, 5440, 442, 730, 5441]",54,3766.99,1766894306,1889,22,59,False,1,14986,17536,0.1588141874007411,7.0,0,"{'gold_per_min': {'raw': 476, 'pct': 0.5925925925925926}, 'xp_per_min': {'raw': 557, 'pct': 0.41919191919191917}, 'kills_per_min': {'raw': 0.15881418740074113, 'pct': 0.6683501683501684}, 'last_hits_per_min': {'raw': 2.541026998411858, 'pct': 0.5117845117845118}, 'hero_damage_per_min': {'raw': 657.5860243515087, 'pct': 0.7542087542087542}, 'hero_healing_per_min': {'raw': 3.0492323980942295, 'pct': 0.7070707070707071}, 'tower_damage': {'raw': 2871, 'pct': 0.7878787878787878}}",8624341271,Ogre Magi,Aghanim's Scepter,Lotus Orb,Hand of Midas,Arcane Boots,Aether Lens,Magic Wand,,Observer and Sentry Wards,,Unrelenting Eye,Keen-eyed
1,0,1,100,50,108,1,30,0,168,232,36,0,840,1594,20,10,35,0,81,2,548,970,27,22943,0,0,0,33634,2143,0,7858,16545,"[5565, 5566, 7322, 5565, 5565, 5568, 5565, 7322, 5566, 7322, 414, 5566, 5568, 5566, 7322, 6411, 5568, 6194, 7891, 6961]",54,3766.99,1766891201,2723,22,59,True,1,24870,44021,0.4406904149834741,5.0,0,"{'gold_per_min': {'raw': 548, 'pct': 0.962877030162413}, 'xp_per_min': {'raw': 970, 'pct': 0.9675174013921114}, 'kills_per_min': {'raw': 0.4406904149834741, 'pct': 0.9675174013921114}, 'last_hits_per_min': {'raw': 1.78479618068307, 'pct': 0.5522041763341067}, 'hero_damage_per_min': {'raw': 741.1090708777084, 'pct': 0.9350348027842227}, 'hero_healing_per_min': {'raw': 0, 'pct': 0.7099767981438515}, 'tower_damage': {'raw': 2143, 'pct': 0.8932714617169374}}",8624305070,Tusk,Phase Boots,Aghanim's Scepter,Blink Dagger,Gem of True Sight,,Desolator,Aether Lens,Magic Wand,,Tumbler's Toy,Vampiric
0,0,0,100,214,100,1,108,0,36,0,0,0,1603,1577,4,6,20,0,51,12,326,523,18,11698,0,0,0,12779,745,0,1188,10825,"[5565, 5566, 5565, 7322, 5565, 5568, 5566, 5565, 7322, 5566, 414, 5566, 5568, 7322, 7322, 6423, 5568]",54,3766.99,1768021987,2155,22,59,True,1,11708,18784,0.111368909512761,3.43,0,"{'gold_per_min': {'raw': 326, 'pct': 0.419953596287703}, 'xp_per_min': {'raw': 523, 'pct': 0.41299303944315546}, 'kills_per_min': {'raw': 0.11136890951276102, 'pct': 0.4709976798143852}, 'last_hits_per_min': {'raw': 1.419953596287703, 'pct': 0.4431554524361949}, 'hero_damage_per_min': {'raw': 355.7958236658933, 'pct': 0.43387470997679817}, 'hero_healing_per_min': {'raw': 0, 'pct': 0.7099767981438515}, 'tower_damage': {'raw': 745, 'pct': 0.6612529002320185}}",8642940925,Tusk,Tranquil Boots,Eul's Scepter of Divinity,Blink Dagger,Aghanim's Scepter,,Magic Wand,,,,Gunpowder Gauntlet,Quickened
0,0,0,100,50,0,1,23,60,36,21,0,0,1604,1595,6,7,12,0,24,5,292,485,16,7962,0,0,0,12828,43,0,552,8200,"[5565, 5566, 7322, 5565, 5565, 5568, 5565, 5566, 5566, 7322, 5568, 5566, 7322, 7322, 6411, 414]",54,3766.99,1767930867,1813,22,59,True,0,8823,14655,0.1985659128516271,2.25,0,"{'gold_per_min': {'raw': 292, 'pct': 0.2737819025522042}, 'xp_per_min': {'raw': 485, 'pct': 0.3271461716937355}, 'kills_per_min': {'raw': 0.1985659128516271, 'pct': 0.7517401392111369}, 'last_hits_per_min': {'raw': 0.7942636514065085, 'pct': 0.16473317865429235}, 'hero_damage_per_min': {'raw': 424.53392167677885, 'pct': 0.5823665893271461}, 'hero_healing_per_min': {'raw': 0, 'pct': 0.7099767981438515}, 'tower_damage': {'raw': 43, 'pct': 0.29466357308584684}}",8641440376,Tusk,Phase Boots,,Blink Dagger,Staff of Wizardry,Point Booster,Magic Wand,Ogre Axe,,,Searing Signet,Keen-eyed
0,0,0,100,50,100,1,232,108,1,36,40,0,1605,1577,8,11,21,0,64,7,430,794,24,16759,0,0,0,23630,717,0,1044,15935,"[5566, 5565, 7322, 5565, 5565, 5568, 5565, 5566, 5566, 7322, 5566, 5568, 414, 7322, 7322, 6411, 5568, 6194]",54,3766.99,1767927883,2459,22,59,True,1,17622,32540,0.1952013013420089,2.42,0,"{'gold_per_min': {'raw': 430, 'pct': 0.839907192575406}, 'xp_per_min': {'raw': 794, 'pct': 0.8793503480278422}, 'kills_per_min': {'raw': 0.19520130134200894, 'pct': 0.7424593967517401}, 'last_hits_per_min': {'raw': 1.5616104107360715, 'pct': 0.4872389791183295}, 'hero_damage_per_min': {'raw': 576.5758438389589, 'pct': 0.8491879350348028}, 'hero_healing_per_min': {'raw': 0, 'pct': 0.7099767981438515}, 'tower_damage': {'raw': 717, 'pct': 0.6519721577726219}}",8641410665,Tusk,Phase Boots,Eul's Scepter of Divinity,Blink Dagger,Aether Lens,Aghanim's Scepter,Blink Dagger,Magic Wand,Dust of Appearance,,Serrated Shiv,Quickened
2,0,2,71,50,152,610,65,55,0,0,0,0,1603,1586,10,9,19,0,112,5,505,786,23,17962,0,0,0,15222,3528,125,2212,16040,"[5355, 5353, 5355, 7301, 5353, 5356, 5353, 5353, 5355, 5355, 7301, 5356, 7301, 7301, 5356, 7022, 6253, 6149]",54,3766.99,1767845917,2277,22,59,True,1,19164,29828,0.2635046113306982,2.9,0,"{'gold_per_min': {'raw': 505, 'pct': 0.9078282828282829}, 'xp_per_min': {'raw': 786, 'pct': 0.7474747474747475}, 'kills_per_min': {'raw': 0.2635046113306983, 'pct': 0.8699494949494949}, 'last_hits_per_min': {'raw': 2.951251646903821, 'pct': 0.7474747474747475}, 'hero_damage_per_min': {'raw': 401.10671936758894, 'pct': 0.35984848484848486}, 'hero_healing_per_min': {'raw': 3.2938076416337285, 'pct': 0.7310606060606061}, 'tower_damage': {'raw': 3528, 'pct': 0.9393939393939394}}",8640085332,Spirit Breaker,Phase Boots,Shadow Blade,Wind Waker,Hand of Midas,Hyperstone,,,,,Gunpowder Gauntlet,Tough
0,0,0,100,50,108,1,0,57,36,233,0,0,1603,1583,7,10,19,0,36,4,333,421,16,10782,0,0,0,16735,192,0,797,10205,"[5565, 5566, 7322, 5565, 5565, 5568, 5565, 7322, 7322, 7322, 414, 5566, 5568, 5566, 5566, 6411]",54,3766.99,1767843537,2105,22,59,True,1,11682,14770,0.1995249406175772,2.36,0,"{'gold_per_min': {'raw': 333, 'pct': 0.46403712296983757}, 'xp_per_min': {'raw': 421, 'pct': 0.20417633410672853}, 'kills_per_min': {'raw': 0.1995249406175772, 'pct': 0.7563805104408353}, 'last_hits_per_min': {'raw': 1.026128266033254, 'pct': 0.2552204176334107}, 'hero_damage_per_min': {'raw': 477.00712589073635, 'pct': 0.703016241299304}, 'hero_healing_per_min': {'raw': 0, 'pct': 0.7099767981438515}, 'tower_damage': {'raw': 192, 'pct': 0.419953596287703}}",8640062045,Tusk,Phase Boots,Aghanim's Scepter,Blink Dagger,,Void Stone,Magic Wand,Aether Lens Recipe,,,Gunpowder Gauntlet,Mystical
132,1,4,11,116,249,263,156,63,149,0,0,0,1603,1586,21,7,7,0,305,18,724,938,25,27276,0,0,0,39678,15759,0,1526,26835,"[5060, 1216, 5060, 5063, 5059, 5064, 5060, 5063, 5063, 999, 5063, 1216, 5064, 1216, 1216, 6875, 5064, 6670, 1217]",54,3766.99,1767756382,2388,22,59,False,1,28815,37332,0.5276381909547739,3.5,0,"{'gold_per_min': {'raw': 724, 'pct': 0.8127062706270627}, 'xp_per_min': {'raw': 938, 'pct': 0.7004950495049505}, 'kills_per_min': {'raw': 0.5276381909547738, 'pct': 0.9405940594059405}, 'last_hits_per_min': {'raw': 7.663316582914572, 'pct': 0.46534653465346537}, 'hero_damage_per_min': {'raw': 996.9346733668342, 'pct': 0.8283828382838284}, 'hero_healing_per_min': {'raw': 0, 'pct': 0.929042904290429}, 'tower_damage': {'raw': 15759, 'pct': 0.8613861386138614}}",8638685887,Shadow Fiend,Black King Bar,Silver Edge,Hurricane Pike,Satanic,Power Treads,Crystalys,,,,Gunpowder Gauntlet,Tough
129,1,1,48,135,63,26,108,160,36,188,0,0,950,1584,13,5,9,0,216,7,666,654,18,17922,0,0,0,21881,11882,0,312,17960,"[5222, 5223, 5222, 1462, 5222, 5225, 5222, 5223, 5223, 5223, 1462, 7047, 5225, 1462, 1462, 6180, 5225]",54,3766.99,1767584128,1671,22,59,False,1,18548,18213,0.4667863554757629,3.67,0,"{'gold_per_min': {'raw': 666, 'pct': 0.5601659751037344}, 'xp_per_min': {'raw': 654, 'pct': 0.2697095435684647}, 'kills_per_min': {'raw': 0.46678635547576297, 'pct': 0.9585062240663901}, 'last_hits_per_min': {'raw': 7.7558348294434465, 'pct': 0.3215767634854772}, 'hero_damage_per_min': {'raw': 785.6732495511669, 'pct': 0.6286307053941909}, 'hero_healing_per_min': {'raw': 0, 'pct': 0.9605809128630706}, 'tower_damage': {'raw': 11882, 'pct': 0.6244813278008299}}",8635942380,Luna,Monkey King Bar,Power Treads,Morbid Mask,Aghanim's Scepter,Eye of Skadi,Magic Wand,Smoke of Deceit,,,Defiant Shell,Alert
128,1,0,48,160,116,156,63,154,139,1804,0,0,1642,1577,14,11,19,0,474,4,656,1010,29,33354,1,0,0,54628,9029,0,1504,34300,"[5222, 5223, 5222, 1462, 5222, 5225, 5223, 5222, 5223, 7047, 5223, 5225, 1462, 1462, 1462, 770, 5225, 6180, 7055, 847, 323, 6127]",54,3766.99,1765603498,3374,22,58,False,0,36889,56795,0.2489626556016597,2.75,0,"{'gold_per_min': {'raw': 656, 'pct': 0.5435684647302904}, 'xp_per_min': {'raw': 1010, 'pct': 0.8091286307053942}, 'kills_per_min': {'raw': 0.24896265560165975, 'pct': 0.6576763485477178}, 'last_hits_per_min': {'raw': 8.429164196799052, 'pct': 0.4066390041493776}, 'hero_damage_per_min': {'raw': 971.4522821576763, 'pct': 0.7966804979253111}, 'hero_healing_per_min': {'raw': 0, 'pct': 0.9605809128630706}, 'tower_damage': {'raw': 9029, 'pct': 0.5560165975103735}}",8602729487,Luna,Eye of Skadi,Black King Bar,Satanic,Power Treads,Sange and Yasha,Butterfly,Roshan's Banner,,,Dezun Bloodrite,Quickened
0,0,0,44,208,225,116,145,168,26,0,0,0,1607,1597,21,14,20,0,446,4,772,1107,29,25568,0,0,0,68320,1515,0,2593,30815,"[5190, 5191, 5190, 5191, 5190, 5193, 5190, 5191, 5191, 1287, 1287, 5193, 1287, 1287, 6848, 559, 5193, 490, 6192, 483, 491, 1074]",54,3766.99,1765599708,3234,22,58,True,0,41610,59667,0.3896103896103896,2.73,0,"{'gold_per_min': {'raw': 772, 'pct': 0.8922222222222222}, 'xp_per_min': {'raw': 1107, 'pct': 0.8688888888888889}, 'kills_per_min': {'raw': 0.38961038961038963, 'pct': 0.8144444444444444}, 'last_hits_per_min': {'raw': 8.274582560296846, 'pct': 0.7144444444444444}, 'hero_damage_per_min': {'raw': 1267.5324675324675, 'pct': 0.9466666666666667}, 'hero_healing_per_min': {'raw': 0, 'pct': 0.9733333333333334}, 'tower_damage': {'raw': 1515, 'pct': 0.48444444444444446}}",8602681122,Phantom Assassin,Abyssal Blade,Nullifier,Black King Bar,Battle Fury,Desolator,Morbid Mask,,,,Magnifying Monocle,Titanic
4,0,4,8,50,158,1,108,139,143,36,0,0,1605,1594,7,3,8,0,316,16,686,755,22,24172,0,0,0,13095,14364,8938,1847,23120,"[5028, 5028, 5029, 5027, 5028, 5030, 5028, 5027, 5027, 5027, 5029, 5030, 5029, 5029, 1192, 7021, 5030, 6662]",54,3766.99,1765569556,2156,22,58,True,1,24650,27129,0.1948051948051948,3.75,0,"{'gold_per_min': {'raw': 686, 'pct': 0.6865800865800866}, 'xp_per_min': {'raw': 755, 'pct': 0.4121212121212121}, 'kills_per_min': {'raw': 0.19480519480519481, 'pct': 0.4303030303030303}, 'last_hits_per_min': {'raw': 8.794063079777366, 'pct': 0.5818181818181818}, 'hero_damage_per_min': {'raw': 364.4248608534323, 'pct': 0.17142857142857143}, 'hero_healing_per_min': {'raw': 248.7384044526902, 'pct': 0.7610389610389611}, 'tower_damage': {'raw': 14364, 'pct': 0.7792207792207793}}",8602257347,Juggernaut,Phase Boots,Mjollnir,Blink Dagger,Aghanim's Scepter,Butterfly,Skull Basher,Magic Wand,,,Serrated Shiv,Vampiric
0,0,0,1,145,63,147,160,143,162,36,0,0,1605,1584,7,3,10,0,338,17,686,877,22,22223,0,0,0,17134,6618,0,948,21650,"[5003, 5004, 7314, 5004, 5004, 5006, 5004, 5003, 7314, 7314, 5003, 5006, 5003, 7314, 5006, 966, 666, 665]",54,3766.99,1765565295,1943,22,58,True,1,22214,28400,0.2161605764282038,4.25,0,"{'gold_per_min': {'raw': 686, 'pct': 0.6595744680851063}, 'xp_per_min': {'raw': 877, 'pct': 0.5159574468085106}, 'kills_per_min': {'raw': 0.21616057642820383, 'pct': 0.5617021276595745}, 'last_hits_per_min': {'raw': 10.437467833247554, 'pct': 0.8085106382978723}, 'hero_damage_per_min': {'raw': 529.0993309315492, 'pct': 0.5521276595744681}, 'hero_healing_per_min': {'raw': 0, 'pct': 0.9617021276595744}, 'tower_damage': {'raw': 6618, 'pct': 0.5595744680851064}}",8602143423,Anti-Mage,Battle Fury,Power Treads,Manta Style,Eye of Skadi,Skull Basher,Sange,Magic Wand,,,Serrated Shiv,Alert
3,0,3,8,50,147,1,145,162,108,0,0,0,1641,1586,16,12,10,0,258,6,530,647,23,18851,0,0,0,28860,3125,3656,251,20675,"[5028, 5028, 5029, 5027, 5028, 5030, 5028, 5027, 5027, 5027, 5030, 5029, 5029, 7021, 5029, 5030, 1192, 6105]",54,3766.99,1765514488,2663,22,58,True,0,23523,28716,0.3604956815621479,2.0,0,"{'gold_per_min': {'raw': 530, 'pct': 0.3255411255411255}, 'xp_per_min': {'raw': 647, 'pct': 0.2658008658008658}, 'kills_per_min': {'raw': 0.36049568156214795, 'pct': 0.8649350649350649}, 'last_hits_per_min': {'raw': 5.812992865189636, 'pct': 0.15064935064935064}, 'hero_damage_per_min': {'raw': 650.2440856177244, 'pct': 0.5333333333333333}, 'hero_healing_per_min': {'raw': 82.3732632369508, 'pct': 0.3411255411255411}, 'tower_damage': {'raw': 3125, 'pct': 0.43376623376623374}}",8601088371,Juggernaut,Phase Boots,Manta Style,Blink Dagger,Battle Fury,Sange,Aghanim's Scepter,,,,Outworld Staff,Tough
4,0,4,41,158,117,160,116,139,135,147,0,33,1645,0,34,11,21,0,513,9,896,1263,30,54106,1,1,1,75201,15894,0,12556,46845,"[5182, 5691, 5184, 5182, 5182, 5185, 5182, 5184, 5184, 5184, 5691, 5185, 867, 5691, 5691, 5185, 6807, 6128, 6651, 856, 868, 7388, 7001]",54,3766.99,1765509888,4053,22,58,True,1,60524,85315,0.5033308660251665,4.58,0,"{'gold_per_min': {'raw': 896, 'pct': 0.9971751412429378}, 'xp_per_min': {'raw': 1263, 'pct': 0.9788135593220338}, 'kills_per_min': {'raw': 0.5033308660251665, 'pct': 0.9774011299435028}, 'last_hits_per_min': {'raw': 7.594374537379719, 'pct': 0.6822033898305084}, 'hero_damage_per_min': {'raw': 1113.264248704663, 'pct': 0.96045197740113}, 'hero_healing_per_min': {'raw': 0, 'pct': 0.9166666666666666}, 'tower_damage': {'raw': 15894, 'pct': 0.9533898305084746}}",8601041727,Faceless Void,Mjollnir,Aegis of the Immortal,Eye of Skadi,Black King Bar,Butterfly,Monkey King Bar,Manta Style,,Cheese,Disgraced Regalia,
1,0,1,35,158,152,263,63,485,36,75,0,0,840,1594,7,3,10,0,251,24,630,671,19,18763,0,0,0,15372,8720,0,2108,17985,"[5154, 5155, 5154, 5154, 5155, 5157, 5154, 5155, 5156, 5156, 5155, 5157, 5156, 5156, 5157, 7892, 928]",54,3766.99,1765169204,1779,22,58,True,1,18679,19895,0.2360876897133221,4.25,0,"{'gold_per_min': {'raw': 630, 'pct': 0.7899219304471257}, 'xp_per_min': {'raw': 671, 'pct': 0.49893541518807666}, 'kills_per_min': {'raw': 0.2360876897133221, 'pct': 0.5500354861603974}, 'last_hits_per_min': {'raw': 8.465430016863406, 'pct': 0.9098651525904897}, 'hero_damage_per_min': {'raw': 518.4485666104554, 'pct': 0.1646557842441448}, 'hero_healing_per_min': {'raw': 0, 'pct': 0.9240596167494677}, 'tower_damage': {'raw': 8720, 'pct': 0.8097941802696949}}",8595511163,Sniper,Mjollnir,Shadow Blade,Hurricane Pike,Power Treads,Blitz Knuckles,Magic Wand,Wraith Band,,,Tumbler's Toy,Vampiric
131,1,3,8,50,208,1,108,158,139,0,0,0,828,1577,28,3,9,0,249,10,776,1047,26,28029,0,0,0,42135,11600,12061,2779,27670,"[5028, 5029, 5028, 5027, 5028, 5030, 5028, 5029, 5027, 5027, 5027, 5030, 5029, 5029, 5030, 1192, 7021, 6105, 915]",54,3766.99,1764996566,2213,22,58,False,1,28621,38616,0.7591504744690466,9.25,0,"{'gold_per_min': {'raw': 776, 'pct': 0.8848484848484849}, 'xp_per_min': {'raw': 1047, 'pct': 0.787012987012987}, 'kills_per_min': {'raw': 0.7591504744690466, 'pct': 0.9974025974025974}, 'last_hits_per_min': {'raw': 6.75101671938545, 'pct': 0.2571428571428571}, 'hero_damage_per_min': {'raw': 1142.3859014911884, 'pct': 0.9203463203463204}, 'hero_healing_per_min': {'raw': 327.0040668775418, 'pct': 0.8666666666666667}, 'tower_damage': {'raw': 11600, 'pct': 0.6805194805194805}}",8592152304,Juggernaut,Phase Boots,Abyssal Blade,Blink Dagger,Aghanim's Scepter,Mjollnir,Butterfly,,,,Brigand's Blade,Quickened
128,1,0,35,156,152,263,63,158,135,0,0,0,1605,1584,16,3,22,0,317,20,736,968,25,28298,0,1,0,36908,12213,0,2198,28390,"[5154, 5155, 5154, 5155, 5154, 5157, 5154, 5155, 5155, 5156, 5156, 5157, 5156, 5156, 928, 7892, 5157, 6897, 6198]",54,3766.99,1764993787,2352,22,58,False,1,28851,37945,0.4081632653061224,9.5,0,"{'gold_per_min': {'raw': 736, 'pct': 0.9531582682753726}, 'xp_per_min': {'raw': 968, 'pct': 0.9013484740951029}, 'kills_per_min': {'raw': 0.40816326530612246, 'pct': 0.8708303761533002}, 'last_hits_per_min': {'raw': 8.08673469387755, 'pct': 0.8765081618168914}, 'hero_damage_per_min': {'raw': 941.530612244898, 'pct': 0.7331440738112136}, 'hero_healing_per_min': {'raw': 0, 'pct': 0.9240596167494677}, 'tower_damage': {'raw': 12213, 'pct': 0.9141234918381831}}",8592117739,Sniper,Satanic,Shadow Blade,Hurricane Pike,Power Treads,Mjollnir,Monkey King Bar,,,,Serrated Shiv,Alert
3,0,3,104,50,127,1,108,0,36,11,0,0,1603,1584,8,6,6,0,152,5,452,668,20,15245,0,1,0,11492,4069,1440,945,14890,"[5595, 5597, 5595, 5596, 5595, 5598, 5595, 5596, 5597, 1113, 5596, 5598, 5597, 5597, 6671, 5596, 5598, 6526]",54,3766.99,1764912756,2079,22,58,True,1,15661,23146,0.2308802308802308,2.0,0,"{'gold_per_min': {'raw': 452, 'pct': 0.47468958930276983}, 'xp_per_min': {'raw': 668, 'pct': 0.5128939828080229}, 'kills_per_min': {'raw': 0.23088023088023088, 'pct': 0.6255969436485196}, 'last_hits_per_min': {'raw': 4.386724386724387, 'pct': 0.4804202483285578}, 'hero_damage_per_min': {'raw': 331.6594516594517, 'pct': 0.10315186246418338}, 'hero_healing_per_min': {'raw': 41.55844155844156, 'pct': 0.6160458452722063}, 'tower_damage': {'raw': 4069, 'pct': 0.6924546322827125}}",8590651611,Legion Commander,Phase Boots,Blade Mail,Blink Dagger,Aghanim's Scepter,,Magic Wand,Quelling Blade,,,Gunpowder Gauntlet,Alert
4,0,4,35,158,249,263,63,141,135,0,0,0,1641,1584,14,8,16,0,523,16,667,1058,29,34297,1,1,0,54910,614,0,47,40695,"[5154, 5155, 5154, 5155, 5154, 5157, 5154, 5155, 5155, 5156, 5156, 5157, 5156, 5156, 928, 6305, 5157, 1455, 6198, 7396, 7892, 6897]",54,3766.99,1764907202,3590,22,58,True,0,39908,63303,0.233983286908078,3.33,0,"{'gold_per_min': {'raw': 667, 'pct': 0.8502484031227822}, 'xp_per_min': {'raw': 1058, 'pct': 0.9602555003548616}, 'kills_per_min': {'raw': 0.233983286908078, 'pct': 0.5422285308729595}, 'last_hits_per_min': {'raw': 8.740947075208913, 'pct': 0.9254790631653655}, 'hero_damage_per_min': {'raw': 917.715877437326, 'pct': 0.709013484740951}, 'hero_healing_per_min': {'raw': 0, 'pct': 0.9240596167494677}, 'tower_damage': {'raw': 614, 'pct': 0.27750177430801987}}",8590593447,Sniper,Mjollnir,Silver Edge,Hurricane Pike,Power Treads,Daedalus,Monkey King Bar,,,,Outworld Staff,Alert
4,0,4,104,50,127,1,939,108,112,0,0,0,565,1584,12,5,31,0,176,10,602,955,25,22424,0,1,0,54971,10371,2436,949,24615,"[5595, 5596, 5597, 5595, 5595, 5598, 5595, 5597, 5597, 1113, 5596, 5598, 5596, 5597, 6671, 5596, 5598, 6526, 925]",54,3766.99,1764478288,2361,22,58,True,1,23688,37579,0.3049555273189326,7.17,0,"{'gold_per_min': {'raw': 602, 'pct': 0.9006685768863419}, 'xp_per_min': {'raw': 955, 'pct': 0.9016236867239733}, 'kills_per_min': {'raw': 0.30495552731893266, 'pct': 0.7851002865329513}, 'last_hits_per_min': {'raw': 4.472681067344346, 'pct': 0.5205348615090736}, 'hero_damage_per_min': {'raw': 1396.9758576874206, 'pct': 0.9933142311365807}, 'hero_healing_per_min': {'raw': 61.90597204574333, 'pct': 0.7593123209169055}, 'tower_damage': {'raw': 10371, 'pct': 0.9512893982808023}}",8583258166,Legion Commander,Phase Boots,Blade Mail,Blink Dagger,Harpoon,Aghanim's Scepter,Assault Cuirass,,,,Chipped Vest,Alert
4,0,4,2,1,127,50,11,125,108,0,0,0,359,1577,10,12,13,3,204,6,503,619,20,13551,0,1,0,25073,282,0,1,13840,"[5008, 5009, 5009, 5007, 5009, 5010, 5009, 5008, 5007, 5007, 5007, 5010, 1189, 5008, 974, 5008, 5010]",54,3766.99,1764473467,2252,22,58,True,0,18879,23233,0.2664298401420959,1.77,1,"{'gold_per_min': {'raw': 503, 'pct': 0.6006339144215531}, 'xp_per_min': {'raw': 619, 'pct': 0.4120443740095087}, 'kills_per_min': {'raw': 0.2664298401420959, 'pct': 0.6283676703645008}, 'last_hits_per_min': {'raw': 5.435168738898756, 'pct': 0.7678288431061807}, 'hero_damage_per_min': {'raw': 668.019538188277, 'pct': 0.5095087163232963}, 'hero_healing_per_min': {'raw': 0, 'pct': 0.9160063391442155}, 'tower_damage': {'raw': 282, 'pct': 0.38510301109350237}}",8583192255,Axe,Blink Dagger,Blade Mail,Phase Boots,Quelling Blade,Vanguard,Aghanim's Scepter,,,,Essence Ring,Quickened
2,0,2,30,92,180,254,108,232,42,0,0,0,675,1593,8,18,8,0,67,0,352,437,18,11638,0,0,0,33780,0,1664,788,11795,"[5140, 5138, 5140, 5138, 5140, 5141, 5138, 5138, 5140, 5139, 5139, 5141, 5959, 5139, 5139, 6524, 5141]",54,3766.99,1769840371,2475,22,59,True,0,14520,18026,0.1939393939393939,0.84,0,"{'gold_per_min': {'raw': 352, 'pct': 0.4312169312169312}, 'xp_per_min': {'raw': 437, 'pct': 0.2689594356261023}, 'kills_per_min': {'raw': 0.19393939393939394, 'pct': 0.5793650793650794}, 'last_hits_per_min': {'raw': 1.6242424242424243, 'pct': 0.7116402116402116}, 'hero_damage_per_min': {'raw': 818.9090909090909, 'pct': 0.8544973544973545}, 'hero_healing_per_min': {'raw': 40.339393939393936, 'pct': 0.2328042328042328}, 'tower_damage': {'raw': 0, 'pct': 0.2239858906525573}}",8671317272,Witch Doctor,Urn of Shadows,Arcane Boots,Glimmer Cape,Aghanim's Scepter,Aether Lens,Observer Ward,,,,Psychic Headband,Greedy
2,0,2,100,50,60,1,42,23,36,21,0,0,1603,1593,4,11,10,0,37,3,261,428,16,8064,0,0,0,9314,278,0,654,7780,"[5565, 5566, 7322, 7322, 7322, 5568, 5565, 7322, 5565, 5565, 5566, 5568, 5566, 5566, 414, 6411]",54,3766.99,1769833677,2026,22,59,True,0,8813,14452,0.1184600197433366,1.17,0,"{'gold_per_min': {'raw': 261, 'pct': 0.16705336426914152}, 'xp_per_min': {'raw': 428, 'pct': 0.22041763341067286}, 'kills_per_min': {'raw': 0.11846001974333661, 'pct': 0.4965197215777262}, 'last_hits_per_min': {'raw': 1.0957551826258638, 'pct': 0.28306264501160094}, 'hero_damage_per_min': {'raw': 275.8341559723593, 'pct': 0.22273781902552203}, 'hero_healing_per_min': {'raw': 0, 'pct': 0.7099767981438515}, 'tower_damage': {'raw': 278, 'pct': 0.46635730858468677}}",8671233763,Tusk,Phase Boots,Point Booster,Blink Dagger,Observer Ward,Staff of Wizardry,Magic Wand,Ogre Axe,,,Gunpowder Gauntlet,Greedy
0,0,0,2,50,108,1,116,114,226,127,0,0,1168,1594,23,20,28,0,255,6,566,919,28,25650,0,1,0,67242,919,0,1000,26115,"[5008, 5009, 5008, 5007, 5009, 5010, 5009, 5007, 5007, 5009, 5007, 5010, 5008, 9401, 5008, 974, 5010, 6145, 6608, 1189, 6102]",54,3766.99,1769829722,3636,22,59,True,0,34299,55691,0.3795379537953795,2.43,0,"{'gold_per_min': {'raw': 566, 'pct': 0.8343898573692552}, 'xp_per_min': {'raw': 919, 'pct': 0.8692551505546752}, 'kills_per_min': {'raw': 0.3795379537953795, 'pct': 0.8359746434231379}, 'last_hits_per_min': {'raw': 4.207920792079208, 'pct': 0.4223454833597464}, 'hero_damage_per_min': {'raw': 1109.6039603960396, 'pct': 0.9429477020602218}, 'hero_healing_per_min': {'raw': 0, 'pct': 0.9160063391442155}, 'tower_damage': {'raw': 919, 'pct': 0.5594294770206022}}",8671189303,Axe,Phase Boots,Aghanim's Scepter,Blink Dagger,Black King Bar,Heart of Tarrasque,Lotus Orb,Blade Mail,,,Rattlecage,Vampiric
0,0,0,104,50,127,1,55,108,36,11,86,0,950,1586,10,17,12,0,121,5,407,652,22,14373,0,0,0,33579,198,648,1038,13840,"[5595, 5597, 5595, 5596, 5595, 5598, 5595, 5597, 5597, 5596, 1176, 5597, 5598, 5596, 5596, 6671, 5598, 6526]",54,3766.99,1769748026,2452,22,59,True,0,16632,26645,0.2446982055464926,1.22,0,"{'gold_per_min': {'raw': 407, 'pct': 0.3018147086914995}, 'xp_per_min': {'raw': 652, 'pct': 0.47468958930276983}, 'kills_per_min': {'raw': 0.24469820554649263, 'pct': 0.6609360076408787}, 'last_hits_per_min': {'raw': 2.960848287112561, 'pct': 0.1308500477554919}, 'hero_damage_per_min': {'raw': 821.6721044045677, 'pct': 0.7851002865329513}, 'hero_healing_per_min': {'raw': 15.856443719412725, 'pct': 0.29894937917860553}, 'tower_damage': {'raw': 198, 'pct': 0.2702960840496657}}",8669870598,Legion Commander,Phase Boots,Blade Mail,Blink Dagger,Hyperstone,Aghanim's Scepter,Magic Wand,Quelling Blade,Buckler,,Defiant Shell,Tough
0,0,0,104,50,127,1,939,112,108,0,0,0,1720,1594,22,10,10,0,204,8,566,699,23,22637,0,1,0,35034,5245,2292,1162,22835,"[5595, 5597, 5595, 5596, 5595, 5598, 5595, 5597, 5597, 5597, 5596, 5598, 1113, 5596, 5596, 6671, 5598, 6526]",54,3766.99,1769744842,2623,22,59,True,1,24743,30557,0.5032405642394205,2.91,0,"{'gold_per_min': {'raw': 566, 'pct': 0.830945558739255}, 'xp_per_min': {'raw': 699, 'pct': 0.5778414517669532}, 'kills_per_min': {'raw': 0.5032405642394205, 'pct': 0.9684813753581661}, 'last_hits_per_min': {'raw': 4.666412504765535, 'pct': 0.5873925501432665}, 'hero_damage_per_min': {'raw': 801.3877239801753, 'pct': 0.7583572110792741}, 'hero_healing_per_min': {'raw': 52.4285169653069, 'pct': 0.7020057306590258}, 'tower_damage': {'raw': 5245, 'pct': 0.7583572110792741}}",8669840374,Legion Commander,Phase Boots,Blade Mail,Blink Dagger,Harpoon,Assault Cuirass,Aghanim's Scepter,,,,Idol of Scree'Auk,Vampiric
132,1,4,104,50,127,1,11,108,34,16,0,0,950,1586,5,4,17,0,130,3,480,538,15,12109,0,1,0,15314,3321,264,4,12315,"[5595, 5597, 5595, 5596, 5595, 5598, 5595, 5597, 5596, 5597, 1113, 5597, 5598, 5596, 5596, 6671]",54,3766.99,1769742687,1540,22,59,False,1,12320,13808,0.1948051948051948,4.4,0,"{'gold_per_min': {'raw': 480, 'pct': 0.5673352435530086}, 'xp_per_min': {'raw': 538, 'pct': 0.27411652340019105}, 'kills_per_min': {'raw': 0.19480519480519481, 'pct': 0.504297994269341}, 'last_hits_per_min': {'raw': 5.064935064935065, 'pct': 0.6895893027698186}, 'hero_damage_per_min': {'raw': 596.6493506493507, 'pct': 0.44030563514804205}, 'hero_healing_per_min': {'raw': 10.285714285714286, 'pct': 0.22063037249283668}, 'tower_damage': {'raw': 3321, 'pct': 0.6389684813753582}}",8669820488,Legion Commander,Phase Boots,Blade Mail,Blink Dagger,Quelling Blade,Aghanim's Scepter,Magic Stick,Iron Branch,,,Defiant Shell,Tough
130,1,2,100,50,100,1,108,232,168,0,4206,0,675,1586,7,11,16,0,112,13,379,660,23,16401,0,0,0,24860,100,0,76,16415,"[5565, 7322, 5566, 7322, 7322, 5568, 7322, 5565, 5565, 5565, 5566, 414, 5568, 5566, 5566, 6423, 5568, 6963]",54,3766.99,1769668096,2676,22,59,False,0,16903,29436,0.1569506726457399,1.92,0,"{'gold_per_min': {'raw': 379, 'pct': 0.6635730858468677}, 'xp_per_min': {'raw': 660, 'pct': 0.7238979118329466}, 'kills_per_min': {'raw': 0.15695067264573992, 'pct': 0.6310904872389791}, 'last_hits_per_min': {'raw': 2.5112107623318387, 'pct': 0.7540603248259861}, 'hero_damage_per_min': {'raw': 557.3991031390134, 'pct': 0.8329466357308585}, 'hero_healing_per_min': {'raw': 0, 'pct': 0.7099767981438515}, 'tower_damage': {'raw': 100, 'pct': 0.34106728538283065}}",8668675076,Tusk,Phase Boots,Eul's Scepter of Divinity,Blink Dagger,Aghanim's Scepter,Aether Lens,Desolator,,Greater Healing Lotus,,Psychic Headband,Tough
3,0,3,11,26,152,1,149,63,139,20,0,14,675,1585,6,4,8,0,245,10,554,690,19,15862,0,0,0,11282,9023,0,317,15755,"[5060, 5063, 5060, 5063, 5059, 5064, 5061, 5063, 5063, 1216, 1216, 6876, 5064, 1216, 1216, 6875, 5064]",54,3766.99,1769316127,1773,4,59,True,1,16370,20389,0.2030456852791878,2.8,0,"{'gold_per_min': {'raw': 554, 'pct': 0.367986798679868}, 'xp_per_min': {'raw': 690, 'pct': 0.29455445544554454}, 'kills_per_min': {'raw': 0.20304568527918782, 'pct': 0.41254125412541254}, 'last_hits_per_min': {'raw': 8.29103214890017, 'pct': 0.5825082508250825}, 'hero_damage_per_min': {'raw': 381.79357021996617, 'pct': 0.08745874587458746}, 'hero_healing_per_min': {'raw': 0, 'pct': 0.929042904290429}, 'tower_damage': {'raw': 9023, 'pct': 0.6971947194719472}}",8663356713,Shadow Fiend,Morbid Mask,Shadow Blade,Blink Dagger,Crystalys,Power Treads,Butterfly,Circlet,,Slippers of Agility,Psychic Headband,Brawny
1,0,1,14,180,37,1,114,108,36,0,0,0,1168,1583,13,11,24,0,57,3,412,866,25,16860,0,0,0,37420,2771,0,1850,15780,"[5075, 5076, 5076, 5074, 5076, 5077, 5076, 5075, 5074, 5075, 5075, 5077, 7142, 5074, 5074, 507, 5077, 332]",54,3766.99,1766809123,2575,22,59,True,1,17681,37165,0.3029126213592233,3.08,0,"{'gold_per_min': {'raw': 412, 'pct': 0.6075663466967814}, 'xp_per_min': {'raw': 866, 'pct': 0.8831168831168831}, 'kills_per_min': {'raw': 0.30291262135922326, 'pct': 0.8255223037831734}, 'last_hits_per_min': {'raw': 1.3281553398058252, 'pct': 0.1919819311123659}, 'hero_damage_per_min': {'raw': 871.9223300970873, 'pct': 0.883681535855449}, 'hero_healing_per_min': {'raw': 0, 'pct': 0.8006775832862789}, 'tower_damage': {'raw': 2771, 'pct': 0.8701298701298701}}",8622800105,Pudge,Arcane Boots,Ghost Scepter,Blink Dagger,Heart of Tarrasque,Aghanim's Scepter,Magic Wand,,,,Rattlecage,Mystical
0,0,0,88,180,37,204,175,0,0,0,0,0,1158,1593,12,8,28,0,39,6,405,836,23,14139,0,1,0,27799,691,0,1539,13040,"[5462, 1104, 5464, 5462, 5462, 5465, 5462, 1104, 1104, 5464, 6814, 5464, 5465, 1104, 5464, 1368, 5465, 6399]",54,3766.99,1766806532,2246,22,59,True,1,15160,31294,0.3205699020480855,4.44,0,"{'gold_per_min': {'raw': 405, 'pct': 0.6477272727272727}, 'xp_per_min': {'raw': 836, 'pct': 0.8333333333333334}, 'kills_per_min': {'raw': 0.3205699020480855, 'pct': 0.7992424242424242}, 'last_hits_per_min': {'raw': 1.041852181656278, 'pct': 0.19696969696969696}, 'hero_damage_per_min': {'raw': 742.626892252894, 'pct': 0.75}, 'hero_healing_per_min': {'raw': 0, 'pct': 0.8011363636363636}, 'tower_damage': {'raw': 691, 'pct': 0.6193181818181818}}",8622770470,Nyx Assassin,Arcane Boots,Ghost Scepter,Dagon,Ethereal Blade Recipe,,,,,,Whisper of the Dread,Greedy
131,1,3,71,50,152,100,65,112,36,40,39,612,1603,1577,8,12,34,0,95,2,474,848,25,18795,0,0,0,30447,1461,0,1980,17595,"[5355, 5353, 5355, 5353, 5353, 5356, 5355, 5353, 5355, 7301, 7301, 5931, 5356, 7301, 7301, 6253, 5356, 8254]",54,3766.99,1766724322,2631,22,59,False,1,20784,37184,0.1824401368301026,3.23,0,"{'gold_per_min': {'raw': 474, 'pct': 0.8522727272727273}, 'xp_per_min': {'raw': 848, 'pct': 0.8295454545454546}, 'kills_per_min': {'raw': 0.18244013683010263, 'pct': 0.6161616161616161}, 'last_hits_per_min': {'raw': 2.1664766248574687, 'pct': 0.5037878787878788}, 'hero_damage_per_min': {'raw': 694.3443557582668, 'pct': 0.9191919191919192}, 'hero_healing_per_min': {'raw': 0, 'pct': 0.6565656565656566}, 'tower_damage': {'raw': 1461, 'pct': 0.7335858585858586}}",8621376232,Spirit Breaker,Phase Boots,Shadow Blade,Eul's Scepter of Divinity,Hand of Midas,Assault Cuirass,Magic Wand,Dust of Appearance,Healing Salve,Wind Waker Recipe,Gunpowder Gauntlet,Quickened
1,0,1,26,23,244,1,214,232,36,0,0,0,359,1593,4,4,17,0,18,1,321,497,15,8181,0,0,0,9940,181,0,271,8190,"[5044, 5046, 5045, 5046, 5046, 5047, 5044, 5044, 5044, 5045, 5046, 5918, 5047, 5045, 5045]",54,3766.99,1766722192,1529,22,59,True,1,8180,12665,0.1569653368214519,4.2,0,"{'gold_per_min': {'raw': 321, 'pct': 0.4447797223898612}, 'xp_per_min': {'raw': 497, 'pct': 0.38261919130959565}, 'kills_per_min': {'raw': 0.15696533682145195, 'pct': 0.5727217863608932}, 'last_hits_per_min': {'raw': 0.7063440156965337, 'pct': 0.1828605914302957}, 'hero_damage_per_min': {'raw': 390.05886200130806, 'pct': 0.6354858177429089}, 'hero_healing_per_min': {'raw': 0, 'pct': 0.7942063971031985}, 'tower_damage': {'raw': 181, 'pct': 0.43995171997585997}}",8621354714,Lion,Staff of Wizardry,Wind Lace,Blink Dagger,Tranquil Boots,Aether Lens,Magic Wand,,,,Essence Ring,Greedy
131,1,3,100,50,168,1,60,0,36,0,0,0,1605,1577,8,7,16,0,65,7,370,565,18,11317,0,0,0,15480,3087,125,407,11390,"[5565, 7322, 5566, 5565, 5565, 5568, 5565, 7322, 7322, 7322, 5566, 5568, 5566, 5566, 414, 6423, 5568]",54,3766.99,1766719932,1951,22,59,False,1,12031,18371,0.2460276781137878,3.0,0,"{'gold_per_min': {'raw': 370, 'pct': 0.6218097447795824}, 'xp_per_min': {'raw': 565, 'pct': 0.5290023201856149}, 'kills_per_min': {'raw': 0.24602767811378778, 'pct': 0.839907192575406}, 'last_hits_per_min': {'raw': 1.9989748846745257, 'pct': 0.6380510440835266}, 'hero_damage_per_min': {'raw': 476.0635571501794, 'pct': 0.6983758700696056}, 'hero_healing_per_min': {'raw': 3.8441824705279344, 'pct': 0.7888631090487239}, 'tower_damage': {'raw': 3087, 'pct': 0.9327146171693735}}",8621332247,Tusk,Phase Boots,Desolator,Blink Dagger,Point Booster,,Magic Wand,,,,Serrated Shiv,Quickened
130,1,2,100,50,100,1,37,168,36,0,0,0,1599,1583,15,5,11,0,64,3,436,512,17,12805,0,0,0,16747,4202,0,895,12520,"[5565, 7322, 5566, 5565, 5565, 5568, 5565, 7322, 7322, 7322, 414, 5566, 5568, 5566, 5566, 6411]",54,3766.99,1766717612,1857,22,59,False,1,13494,15846,0.4846526655896607,4.33,0,"{'gold_per_min': {'raw': 436, 'pct': 0.8538283062645011}, 'xp_per_min': {'raw': 512, 'pct': 0.3805104408352668}, 'kills_per_min': {'raw': 0.48465266558966075, 'pct': 0.974477958236659}, 'last_hits_per_min': {'raw': 2.0678513731825525, 'pct': 0.6589327146171694}, 'hero_damage_per_min': {'raw': 541.0985460420031, 'pct': 0.8097447795823666}, 'hero_healing_per_min': {'raw': 0, 'pct': 0.7099767981438515}, 'tower_damage': {'raw': 4202, 'pct': 0.974477958236659}}",8621309147,Tusk,Phase Boots,Eul's Scepter of Divinity,Blink Dagger,Ghost Scepter,Desolator,Magic Wand,,,,Mana Draught,Mystical
0,0,0,14,232,214,102,0,0,34,0,0,0,840,1577,2,10,12,0,36,2,234,375,14,5994,0,0,0,14696,52,0,419,7850,"[5075, 5076, 5076, 5074, 5076, 5077, 5076, 5075, 5075, 5075, 5074, 5074, 7142, 5077, 5074]",54,3766.99,1766715247,1782,22,59,True,0,6949,11137,0.0673400673400673,1.27,0,"{'gold_per_min': {'raw': 234, 'pct': 0.04291360813099943}, 'xp_per_min': {'raw': 375, 'pct': 0.10502540937323546}, 'kills_per_min': {'raw': 0.06734006734006734, 'pct': 0.12365894974590627}, 'last_hits_per_min': {'raw': 1.2121212121212122, 'pct': 0.16149068322981366}, 'hero_damage_per_min': {'raw': 494.8148148148148, 'pct': 0.4613212874082439}, 'hero_healing_per_min': {'raw': 0, 'pct': 0.8006775832862789}, 'tower_damage': {'raw': 52, 'pct': 0.3037831733483907}}",8621285488,Pudge,Aether Lens,Tranquil Boots,Force Staff,,,Magic Stick,,,,Tumbler's Toy,Quickened
2,0,2,71,50,610,249,65,112,210,0,0,0,377,1597,12,14,39,0,212,0,582,1028,30,31627,0,1,0,40007,4921,0,6222,26845,"[5353, 5355, 5355, 5353, 5355, 5356, 5355, 5353, 5353, 7301, 5931, 7301, 5356, 7301, 7301, 6253, 5356, 6149, 6543, 7022, 6296, 8254, 830]",54,3766.99,1766710832,3959,22,59,True,1,38402,67830,0.1818641070977519,3.4,0,"{'gold_per_min': {'raw': 582, 'pct': 0.9696969696969697}, 'xp_per_min': {'raw': 1028, 'pct': 0.9621212121212122}, 'kills_per_min': {'raw': 0.18186410709775197, 'pct': 0.6123737373737373}, 'last_hits_per_min': {'raw': 3.2129325587269513, 'pct': 0.7929292929292929}, 'hero_damage_per_min': {'raw': 606.3197777216469, 'pct': 0.8232323232323232}, 'hero_healing_per_min': {'raw': 0, 'pct': 0.6565656565656566}, 'tower_damage': {'raw': 4921, 'pct': 0.9772727272727273}}",8621242825,Spirit Breaker,Phase Boots,Wind Waker,Silver Edge,Hand of Midas,Assault Cuirass,Heaven's Halberd,,,,Minotaur Horn,Titanic
4,0,4,100,50,152,1,168,108,36,0,0,0,1603,1586,20,5,24,0,47,4,500,757,21,16298,0,0,0,29178,161,0,1038,16205,"[5565, 5566, 5565, 7322, 5565, 5568, 7322, 7322, 7322, 5565, 5566, 5568, 5566, 414, 5566, 6423, 5568, 6194]",54,3766.99,1766380625,2037,22,59,True,1,16975,25700,0.589101620029455,7.33,0,"{'gold_per_min': {'raw': 500, 'pct': 0.9234338747099768}, 'xp_per_min': {'raw': 757, 'pct': 0.8468677494199536}, 'kills_per_min': {'raw': 0.5891016200294551, 'pct': 0.988399071925754}, 'last_hits_per_min': {'raw': 1.3843888070692194, 'pct': 0.43155452436194897}, 'hero_damage_per_min': {'raw': 859.440353460972, 'pct': 0.9605568445475638}, 'hero_healing_per_min': {'raw': 0, 'pct': 0.7099767981438515}, 'tower_damage': {'raw': 161, 'pct': 0.39443155452436196}}",8616056048,Tusk,Phase Boots,Shadow Blade,Blink Dagger,Desolator,Aghanim's Scepter,Magic Wand,,,,Gunpowder Gauntlet,Tough
2,0,2,41,11,158,116,63,38,36,0,0,0,1605,1594,4,6,7,0,213,2,458,561,18,13812,0,0,0,9979,0,0,2242,12220,"[5182, 5184, 5691, 5182, 5184, 5185, 5184, 5184, 5182, 5182, 867, 5691, 5185, 5691, 5691, 6807, 5185]",54,3766.99,1766294107,1892,22,59,True,0,14442,17690,0.1268498942917547,1.57,0,"{'gold_per_min': {'raw': 458, 'pct': 0.3290960451977401}, 'xp_per_min': {'raw': 561, 'pct': 0.2344632768361582}, 'kills_per_min': {'raw': 0.12684989429175475, 'pct': 0.346045197740113}, 'last_hits_per_min': {'raw': 6.754756871035941, 'pct': 0.5112994350282486}, 'hero_damage_per_min': {'raw': 316.4587737843552, 'pct': 0.2598870056497175}, 'hero_healing_per_min': {'raw': 0, 'pct': 0.9166666666666666}, 'tower_damage': {'raw': 0, 'pct': 0.22033898305084745}}",8614502314,Faceless Void,Quelling Blade,Mjollnir,Black King Bar,Power Treads,Clarity,Magic Wand,,,,Serrated Shiv,Vampiric
4,0,4,8,50,158,1,40,108,52,36,0,0,1721,1594,9,17,9,0,261,10,496,573,21,18925,0,0,0,30522,240,2155,755,19390,"[5028, 5028, 5027, 5029, 5028, 5030, 5028, 5027, 5027, 5027, 5029, 5030, 5029, 5029, 1192, 7021, 5030, 6105]",54,3766.99,1766290937,2689,22,59,True,1,22229,25679,0.2008181480104127,1.0,0,"{'gold_per_min': {'raw': 496, 'pct': 0.2606060606060606}, 'xp_per_min': {'raw': 573, 'pct': 0.1645021645021645}, 'kills_per_min': {'raw': 0.2008181480104128, 'pct': 0.44502164502164504}, 'last_hits_per_min': {'raw': 5.823726292301971, 'pct': 0.15064935064935064}, 'hero_damage_per_min': {'raw': 681.04127928598, 'pct': 0.5670995670995671}, 'hero_healing_per_min': {'raw': 48.084789884715505, 'pct': 0.22857142857142856}, 'tower_damage': {'raw': 240, 'pct': 0.18961038961038962}}",8614462797,Juggernaut,Phase Boots,Mjollnir,Blink Dagger,Dust of Appearance,Aghanim's Scepter,Eaglesong,Magic Wand,,,Flayer's Bota,Vampiric
1,0,1,1,145,208,147,139,108,135,24,1575,0,1605,1594,13,8,14,0,600,12,710,956,29,35599,0,0,0,58710,11714,0,1749,36505,"[5003, 5004, 5003, 7314, 5003, 5006, 5004, 5004, 5004, 5003, 7314, 966, 5006, 7314, 7314, 666, 5006, 665, 6353, 1495, 735, 6800]",54,3766.99,1768629664,3646,22,59,True,0,43144,58092,0.2139330773450356,3.0,0,"{'gold_per_min': {'raw': 710, 'pct': 0.7095744680851064}, 'xp_per_min': {'raw': 956, 'pct': 0.625531914893617}, 'kills_per_min': {'raw': 0.21393307734503564, 'pct': 0.5521276595744681}, 'last_hits_per_min': {'raw': 9.873834339001647, 'pct': 0.7329787234042553}, 'hero_damage_per_min': {'raw': 966.154690071311, 'pct': 0.9106382978723404}, 'hero_healing_per_min': {'raw': 0, 'pct': 0.9617021276595744}, 'tower_damage': {'raw': 11714, 'pct': 0.7393617021276596}}",8652406639,Anti-Mage,Battle Fury,Abyssal Blade,Manta Style,Butterfly,Aghanim's Scepter,Monkey King Bar,Ultimate Orb,Orb of Frost,,Serrated Shiv,Vampiric
3,0,3,12,63,98,174,139,160,36,0,0,0,1721,1594,8,10,14,0,281,8,499,809,25,21452,0,1,0,40731,2048,0,967,21340,"[5065, 1221, 5066, 5065, 5065, 5067, 5065, 1221, 1221, 1221, 5066, 5067, 5066, 5066, 1696, 1695, 5067, 1056, 6850]",54,3766.99,1768626024,2788,22,59,True,0,23186,37591,0.1721664275466284,2.0,0,"{'gold_per_min': {'raw': 499, 'pct': 0.3702970297029703}, 'xp_per_min': {'raw': 809, 'pct': 0.5643564356435643}, 'kills_per_min': {'raw': 0.17216642754662842, 'pct': 0.4594059405940594}, 'last_hits_per_min': {'raw': 6.047345767575322, 'pct': 0.3207920792079208}, 'hero_damage_per_min': {'raw': 876.5638450502151, 'pct': 0.7821782178217822}, 'hero_healing_per_min': {'raw': 0, 'pct': 0.9801980198019802}, 'tower_damage': {'raw': 2048, 'pct': 0.4178217821782178}}",8652359915,Phantom Lancer,Power Treads,Orchid Malevolence,Diffusal Blade,Butterfly,Eye of Skadi,Magic Wand,,,,Flayer's Bota,Vampiric
128,1,0,93,160,63,1097,108,143,0,0,0,0,1643,1594,10,11,16,0,382,13,526,975,29,24054,0,1,0,20033,1677,0,2079,24435,"[1693, 5495, 5494, 5494, 5494, 5497, 5494, 5495, 5495, 5495, 1693, 5497, 1693, 6147, 1693, 921, 5497, 892, 6893, 821, 6892, 814]",54,3766.99,1768538374,3570,22,59,False,0,31297,58012,0.1680672268907563,2.17,0,"{'gold_per_min': {'raw': 526, 'pct': 0.4821763602251407}, 'xp_per_min': {'raw': 975, 'pct': 0.799249530956848}, 'kills_per_min': {'raw': 0.16806722689075632, 'pct': 0.37429643527204504}, 'last_hits_per_min': {'raw': 6.42016806722689, 'pct': 0.6876172607879925}, 'hero_damage_per_min': {'raw': 336.6890756302521, 'pct': 0.22326454033771106}, 'hero_healing_per_min': {'raw': 0, 'pct': 0.9681050656660413}, 'tower_damage': {'raw': 1677, 'pct': 0.4024390243902439}}",8650966175,Slark,Eye of Skadi,Power Treads,Disperser,Aghanim's Scepter,Skull Basher,,,,,Giant's Maul,Vampiric
132,1,4,104,50,168,1,108,149,36,11,0,0,950,1583,13,4,22,0,175,10,625,719,19,17191,0,1,0,25064,8370,0,1681,15925,"[5595, 5597, 5595, 5596, 5595, 5598, 5595, 5597, 5596, 5597, 5598, 1113, 5597, 5596, 5596, 6671, 5598]",54,3766.99,1768454903,1737,22,59,False,1,18093,20815,0.4490500863557858,7.0,0,"{'gold_per_min': {'raw': 625, 'pct': 0.9350525310410697}, 'xp_per_min': {'raw': 719, 'pct': 0.603629417382999}, 'kills_per_min': {'raw': 0.44905008635578586, 'pct': 0.9484240687679083}, 'last_hits_per_min': {'raw': 6.0449050086355784, 'pct': 0.8844317096466093}, 'hero_damage_per_min': {'raw': 865.7685664939551, 'pct': 0.8261700095510984}, 'hero_healing_per_min': {'raw': 0, 'pct': 0.10601719197707736}, 'tower_damage': {'raw': 8370, 'pct': 0.8815663801337154}}",8649747812,Legion Commander,Phase Boots,Desolator,Blink Dagger,Aghanim's Scepter,Crystalys,Magic Wand,Quelling Blade,,,Defiant Shell,Mystical
132,1,4,70,50,108,1,145,143,36,0,0,0,950,1594,10,6,6,2,237,15,504,559,19,15288,0,0,0,24558,251,0,3,15430,"[5359, 5357, 5359, 5358, 5359, 5360, 5359, 5358, 5358, 5358, 5357, 6975, 5360, 5357, 5357, 5360, 758]",54,3766.99,1768446658,2108,22,59,False,0,17707,19639,0.2846299810246679,2.29,1,"{'gold_per_min': {'raw': 504, 'pct': 0.2913793103448276}, 'xp_per_min': {'raw': 559, 'pct': 0.16551724137931034}, 'kills_per_min': {'raw': 0.2846299810246679, 'pct': 0.49482758620689654}, 'last_hits_per_min': {'raw': 6.74573055028463, 'pct': 0.43448275862068964}, 'hero_damage_per_min': {'raw': 698.9943074003795, 'pct': 0.4810344827586207}, 'hero_healing_per_min': {'raw': 0, 'pct': 0.9620689655172414}, 'tower_damage': {'raw': 251, 'pct': 0.23793103448275862}}",8649669064,Ursa,Phase Boots,Aghanim's Scepter,Blink Dagger,Battle Fury,Skull Basher,Magic Wand,,,,Defiant Shell,Vampiric
132,1,4,41,158,63,75,8,21,36,11,0,0,71,1577,4,8,2,0,194,8,393,478,16,11029,0,0,0,3367,583,0,364,10755,"[5182, 5184, 5182, 5691, 5182, 5185, 5182, 5184, 5184, 5184, 5691, 5185, 5691, 5691]",54,3766.99,1768364078,1820,22,59,False,0,11921,14499,0.1318681318681318,0.67,0,"{'gold_per_min': {'raw': 393, 'pct': 0.21045197740112995}, 'xp_per_min': {'raw': 478, 'pct': 0.1638418079096045}, 'kills_per_min': {'raw': 0.13186813186813187, 'pct': 0.3644067796610169}, 'last_hits_per_min': {'raw': 6.395604395604395, 'pct': 0.4590395480225989}, 'hero_damage_per_min': {'raw': 111, 'pct': 0.025423728813559324}, 'hero_healing_per_min': {'raw': 0, 'pct': 0.9166666666666666}, 'tower_damage': {'raw': 583, 'pct': 0.3813559322033898}}",8648470453,Faceless Void,Mjollnir,Power Treads,Wraith Band,Mithril Hammer,Ogre Axe,Magic Wand,Quelling Blade,,,Poor Man's Shield,Quickened
132,1,4,18,156,116,603,939,141,112,0,0,0,292,1597,26,9,16,0,790,5,882,1113,30,46436,1,0,1,84970,13977,0,5811,44635,"[5094, 5095, 5094, 5095, 5094, 5097, 5095, 5094, 5096, 5095, 5096, 6045, 5097, 5096, 5096, 6911, 5097, 716, 6910, 673, 763, 1188, 7112]",54,3766.99,1768359528,4095,22,59,False,1,60196,75962,0.3809523809523809,4.2,0,"{'gold_per_min': {'raw': 882, 'pct': 0.9750623441396509}, 'xp_per_min': {'raw': 1113, 'pct': 0.8204488778054863}, 'kills_per_min': {'raw': 0.38095238095238093, 'pct': 0.830423940149626}, 'last_hits_per_min': {'raw': 11.575091575091575, 'pct': 0.9251870324189526}, 'hero_damage_per_min': {'raw': 1244.981684981685, 'pct': 0.9526184538653366}, 'hero_healing_per_min': {'raw': 0, 'pct': 0.9650872817955112}, 'tower_damage': {'raw': 13977, 'pct': 0.8977556109725686}}",8648427246,Sven,Satanic,Black King Bar,Swift Blink,Harpoon,Daedalus,Assault Cuirass,,,,Stygian Desolator,Titanic
131,1,3,94,139,63,147,0,0,36,0,0,0,2097,1584,6,7,4,0,280,11,515,602,18,15046,0,0,0,15098,576,0,3086,12370,"[5505, 5505, 1475, 5504, 5505, 5504, 5505, 5504, 5504, 5507, 1475, 5507, 1475, 1475, 1345, 5507]",54,3766.99,1768276991,1921,22,59,False,0,16488,19274,0.187402394586153,1.25,0,"{'gold_per_min': {'raw': 515, 'pct': 0.3361581920903955}, 'xp_per_min': {'raw': 602, 'pct': 0.24293785310734464}, 'kills_per_min': {'raw': 0.18740239458615304, 'pct': 0.7090395480225988}, 'last_hits_per_min': {'raw': 8.745445080687142, 'pct': 0.4293785310734463}, 'hero_damage_per_min': {'raw': 471.5668922436231, 'pct': 0.3389830508474576}, 'hero_healing_per_min': {'raw': 0, 'pct': 0.9548022598870056}, 'tower_damage': {'raw': 576, 'pct': 0.2711864406779661}}",8647229989,Medusa,Butterfly,Power Treads,Manta Style,,,Magic Wand,,,,Duelist Gloves,Alert
3,0,3,48,139,63,147,108,26,135,36,0,0,1603,1576,14,6,16,0,290,10,674,717,21,22275,0,0,0,25695,13249,0,415,22610,"[5222, 5223, 5222, 5223, 5222, 5225, 5222, 5223, 5223, 1462, 7047, 1462, 5225, 1462, 1462, 6180, 5225, 770]",54,3766.99,1768274461,2047,22,59,True,1,22994,24461,0.4103566194430874,4.29,0,"{'gold_per_min': {'raw': 674, 'pct': 0.5663900414937759}, 'xp_per_min': {'raw': 717, 'pct': 0.33402489626556015}, 'kills_per_min': {'raw': 0.41035661944308743, 'pct': 0.9356846473029046}, 'last_hits_per_min': {'raw': 8.500244259892526, 'pct': 0.4211618257261411}, 'hero_damage_per_min': {'raw': 753.1509526135809, 'pct': 0.5954356846473029}, 'hero_healing_per_min': {'raw': 0, 'pct': 0.9605809128630706}, 'tower_damage': {'raw': 13249, 'pct': 0.6680497925311203}}",8647206870,Luna,Butterfly,Power Treads,Manta Style,Aghanim's Scepter,Morbid Mask,Monkey King Bar,Magic Wand,,,Gunpowder Gauntlet,Vast
